23-nt sequence,30-nt sequence,modFreq
GGACTGTATCGACGCTGAATTGG,GGGGGGACTGTATCGACGCTGAATTGGGGG,0.388397247
GGTCTCCCCCCAAACGAAGAAGG,TCAGGGTCTCCCCCCAAACGAAGAAGGTCT,0.83480826
GGAGACATTCTGCGTTTGGGGGG,TGATGGAGACATTCTGCGTTTGGGGGGAGG,0.364798427
GGAAGGTGACCCTCTATGCTTGG,CAGGGGAAGGTGACCCTCTATGCTTGGGCA,0.347099312
GGTGCCACGACTCCTTTTGGGGG,GACTGGTGCCACGACTCCTTTTGGGGGATC,0.484759096
GGAGAGTTTCGGCGGTGACGAGG,ATTTGGAGAGTTTCGGCGGTGACGAGGAGG,0.452310718
GGTAGTGTGGGCAGGGGGAGAGG,CTCGGGTAGTGTGGGCAGGGGGAGAGGACC,0.389380532
GGGTCTGGTGCTGTGTGATGGGG,GAATGGGTCTGGTGCTGTGTGATGGGGATG,0.437561455
GGCCGCTTCTGAGCCGGAGGAGG,AGCAGGCCGCTTCTGAGCCGGAGGAGGAGA,0.407079646
GGAGACACTGCTGTTCTTTTTGG,TCGGGGAGACACTGCTGTTCTTTTTGGCTG,0.050147493
GGACGAAGCCTCGGTCTTGGAGG,ACACGGACGAAGCCTCGGTCTTGGAGGCGG,0.701081612
GGGTGGTGATCATGCAGTGACGG,CACAGGGTGGTGATCATGCAGTGACGGAAC,0.647000984
GGCGGGCAGGGTCATGAAGACGG,AGAAGGCGGGCAGGGTCATGAAGACGGGCC,0.211406097
GGGCAACCAGCAGATGAGGAAGG,CGTAGGGCAACCAGCAGATGAGGAAGGCGA,0.076696166
GGAGGCGGCAGCGCAGCAGCAGG,TGAAGGAGGCGGCAGCGCAGCAGCAGGAGT,0.039331367
GGTGTAGTAGTCGACGCCGCAGG,TGCGGGTGTAGTAGTCGACGCCGCAGGAGC,0.008849558
GGTGGCCTTCACCTGGGTCATGG,TGGGGGTGGCCTTCACCTGGGTCATGGCCT,0.304818093
GGCCATTGAGCGCTGGATGGTGG,TACTGGCCATTGAGCGCTGGATGGTGGTCT,0.285152409
GGCCATTGCCGACCTCTTCATGG,ACCTGGCCATTGCCGACCTCTTCATGGTGT,0.329400197
GGCGCCACCAGGTAGTACTGTGG,CCAGGGCGCCACCAGGTAGTACTGTGGGTA,0.295968536
GGATGAGTGTCCATCCTCCTCGG,CTCTGGATGAGTGTCCATCCTCCTCGGTCC,0.895771878
GGGTGTCGTCCGGCTGCAGGAGG,GTCAGGGTGTCGTCCGGCTGCAGGAGGATC,0.912487709
GGTGTTGGGGAGGGGGTCACAGG,TAGGGGTGTTGGGGAGGGGGTCACAGGCCA,0.327433629
GGTTGCTTACAAAAGTGTTGTGG,GGGTGGTTGCTTACAAAAGTGTTGTGGATG,0.317600787
GGAGCAGCAGCAGCCGACACCGG,AACCGGAGCAGCAGCAGCCGACACCGGGGA,0.373647984
GGTGCTGCCGGAGAACATCCCGG,CGCAGGTGCTGCCGGAGAACATCCCGGTGT,0.998033432
GGAGCTGCTGGCGCTGCTGGAGG,AGGCGGAGCTGCTGGCGCTGCTGGAGGAGC,0.784660767
GGTACCGGGAGCTGCAGCAGCGG,GCCGGGTACCGGGAGCTGCAGCAGCGGGTG,0.992133727
GGAGATGAAGCTGCTGCGTAAGG,TGCAGGAGATGAAGCTGCTGCGTAAGGAGT,0.683382497
GGAAGACCGGCTAAGGAGGTTGG,AGCTGGAAGACCGGCTAAGGAGGTTGGCGG,0.943952802
GGAGTTAGAGGCCCGTCGTAAGG,TGGTGGAGTTAGAGGCCCGTCGTAAGGTGG,0.746312685
GGTGAGGAGTTCTCATAGGGAGG,ATTGGGTGAGGAGTTCTCATAGGGAGGCCC,0.753195674
GGGCCCAAGTTGGAGGCAGCCGG,TTGTGGGCCCAAGTTGGAGGCAGCCGGCCA,0.787610619
GGTCAGTCACCCGAGAGCCATGG,GAGCGGTCAGTCACCCGAGAGCCATGGTTT,0.450344149
GGCTGGCCCGCAACTACATCTGG,CTGCGGCTGGCCCGCAACTACATCTGGGCA,0.20058997
GGCATTGGCTTTGATTCGGCGGG,CTCTGGCATTGGCTTTGATTCGGCGGGCAC,0.6460177
GGAGGAGGAAGATGAAGAAATGG,AGGAGGAGGAGGAAGATGAAGAAATGGGTC,0.445427729
GGGCTGGAGTCGTACCCTGGTGG,TGCGGGGCTGGAGTCGTACCCTGGTGGCGG,0.920353982
GGCGGTGGGCCCTGGTAGCTCGG,GGGAGGCGGTGGGCCCTGGTAGCTCGGGAC,0.319567355
GGCGGCTCTTGGTAAGCAGTGGG,CGTGGGCGGCTCTTGGTAAGCAGTGGGCGG,0.663716814
GGTTACTGTGGTGACTGTGGTGG,CCTGGGTTACTGTGGTGACTGTGGTGGCAG,0.918387414
GGCTCAGACGCCCCCCGGCCAGG,AGCAGGCTCAGACGCCCCCCGGCCAGGACA,0.354965585
GGTTGTACATGTCCAGGTTGTGG,CCAAGGTTGTACATGTCCAGGTTGTGGCTG,0.284169125
GGGAGGCTGGCTCCGTTTGGAGG,CTGAGGGAGGCTGGCTCCGTTTGGAGGTGC,0.848574238
GGCTGTGGGGCTCTGCCTGTTGG,GCTGGGCTGTGGGGCTCTGCCTGTTGGTTT,0.656833825
GGCTGCCGACCCACCGGCACCGG,GATGGGCTGCCGACCCACCGGCACCGGGCT,0.554572272
GGATTGGAGTCCCATGAAGACGG,TGAGGGATTGGAGTCCCATGAAGACGGAGG,0.376597838
GGTTCTGAGAGGACAGGTCATGG,GCCTGGTTCTGAGAGGACAGGTCATGGCTT,0.026548673
GGAAGACATCACAGCACAGTCGG,CAGAGGAAGACATCACAGCACAGTCGGGAA,0.027531957
GGAGACACAGAAGCGGTGGGAGG,TGTAGGAGACACAGAAGCGGTGGGAGGAGG,0.770894788
GGCAATGTAGACACAGCTAATGG,TTTGGGCAATGTAGACACAGCTAATGGGAA,0.52114061
GGACTGTCAGGCTGGTAGAAGGG,CAGAGGACTGTCAGGCTGGTAGAAGGGTGT,0.464110129
GGGTGTTGAATCGTTGGTACAGG,GCAAGGGTGTTGAATCGTTGGTACAGGAGC,0.725663717
GGGGCCTTCTGGTTCTGTGATGG,CACTGGGGCCTTCTGGTTCTGTGATGGAGC,0.890855458
GGAGAGGGGAGTGGGCAACAGGG,TAACGGAGAGGGGAGTGGGCAACAGGGGTC,0.78072763
GGGATGTTTTCCACACTAGAAGG,GCGAGGGATGTTTTCCACACTAGAAGGAGG,0.250737463
GGAGACGGAGAGGTGGAGCCTGG,AACTGGAGACGGAGAGGTGGAGCCTGGTAG,0.632251721
GGCTCATGTATTGATCAGAGAGG,AGGGGGCTCATGTATTGATCAGAGAGGTAT,0.814159292
GGGGTCTTTGGGGCAAGGTTGGG,AAGTGGGGTCTTTGGGGCAAGGTTGGGTCA,0.944936086
GGTTTGGTGGCACCGCTTGTTGG,AGGCGGTTTGGTGGCACCGCTTGTTGGCTG,0.294985252
GGGGATGACTGAAGTGGGAAGGG,ATGAGGGGATGACTGAAGTGGGAAGGGCTT,0.605703048
GGTGTGGGTGGTTGAGGTATTGG,CTGTGGTGTGGGTGGTTGAGGTATTGGGGC,0.67453294
GGGAGAGGAAGATGCAGCGGGGG,CTGTGGGAGAGGAAGATGCAGCGGGGGATG,0.762045231
GGACAAGTCCAAAGAGTCCACGG,TCCAGGACAAGTCCAAAGAGTCCACGGAGG,0.573254671
GGGTGGGGAATTTTCTGTGCTGG,GGTTGGGTGGGGAATTTTCTGTGCTGGACG,0.286135693
GGGTCGTGTAGACAGACGGTGGG,TCTCGGGTCGTGTAGACAGACGGTGGGTGG,0.94100295
GGAACACAAAACACAGAGAGGGG,ACGGGGAACACAAAACACAGAGAGGGGCCG,0.203539823
GGGTCCAAGTATGGGTTCTCAGG,GGGGGGGTCCAAGTATGGGTTCTCAGGGTG,0.55653884
GGGAATGCGCTCTGTTTCTGGGG,GTCTGGGAATGCGCTCTGTTTCTGGGGTTT,0.346116028
GGTCACTCTGGTGGCGGTAAGGG,TCCAGGTCACTCTGGTGGCGGTAAGGGTTC,0.8820059
GGTAAGTCCTCCTGGAGAGGAGG,AGACGGTAAGTCCTCCTGGAGAGGAGGAGA,0.240904622
GGATGAGGAGGTGGCGGCGGAGG,GGCCGGATGAGGAGGTGGCGGCGGAGGAAC,0.880039332
GGAGGGCTCTCCGGCTGTGGCGG,AGGTGGAGGGCTCTCCGGCTGTGGCGGTGG,0.982300885
GGATACGGAGGTGGAGGATACGG,GCTTGGATACGGAGGTGGAGGATACGGCGG,0.704031465
GGAACCTGTCCTGTGACCTCTGG,GAAGGGAACCTGTCCTGTGACCTCTGGTGG,0.190757129
GGGCTCTGCAGGACTGTGGTCGG,AAATGGGCTCTGCAGGACTGTGGTCGGTAA,0.947885939
GGCTAGTGTTTAACAGTTGACGG,TCTAGGCTAGTGTTTAACAGTTGACGGCGC,0.441494592
GGAGGTACTGGAGGAACGACGGG,CCGAGGAGGTACTGGAGGAACGACGGGCTG,0.692232055
GGATGTGGCCCCTGGACTTGAGG,CCTTGGATGTGGCCCCTGGACTTGAGGCCC,0.533923304
GGTCAAGTTTTCTTCACTTTTGG,GTTTGGTCAAGTTTTCTTCACTTTTGGTAC,0.386430679
GGAATGGGATAAAACCAGTTAGG,GCCTGGAATGGGATAAAACCAGTTAGGAAA,0.528023599
GGCAGATCCCTTAGAGCCGGCGG,AGGTGGCAGATCCCTTAGAGCCGGCGGCAG,0.933136676
GGAGAGGACGTCTTGGGAGACGG,CTGGGGAGAGGACGTCTTGGGAGACGGTTG,0.821042281
GGTGGCTGTGATGGGGCTTTGGG,TGCTGGTGGCTGTGATGGGGCTTTGGGTAC,0.875122911
GGGAGGGCCGTTGTTTCTGGGGG,GGCTGGGAGGGCCGTTGTTTCTGGGGGCTT,0.638151426
GGACTGTCATAATCCGATGCAGG,TTTTGGACTGTCATAATCCGATGCAGGATT,0.514257621
GGTGCTTGAATGTGCTTTGGAGG,TGTAGGTGCTTGAATGTGCTTTGGAGGCAA,0.410029499
GGAGGAGACACCACAGACAGTGG,CCCTGGAGGAGACACCACAGACAGTGGAGC,0.991150443
GGAGCCCACAGCCACCAGCGGGG,CACTGGAGCCCACAGCCACCAGCGGGGTCC,0.931170108
GGAGTGCTGCTATAGGACATGGG,CTGTGGAGTGCTGCTATAGGACATGGGGCT,0.678466077
GGAGTTGGCACCATTCATGTAGG,TGTAGGAGTTGGCACCATTCATGTAGGTCT,0.788593903
GGCATGCAGACCGATGCGCTGGG,CCCTGGCATGCAGACCGATGCGCTGGGTTA,0.644051131
GGCAGCCGCCAGTAAGTTACCGG,CCGCGGCAGCCGCCAGTAAGTTACCGGCTG,0.937069813
GGGGTTTGTATTTGTAATCTGGG,CGACGGGGTTTGTATTTGTAATCTGGGTAC,0.1179941
GGCCTCTTAACTTTGTCCATAGG,CATGGGCCTCTTAACTTTGTCCATAGGATC,0.152409047
GGGTCACTCCACCGTTCAGCTGG,CCGTGGGTCACTCCACCGTTCAGCTGGGTC,0.123893805
GGCAGCCATGTACAGCATGCTGG,TGTTGGCAGCCATGTACAGCATGCTGGAGC,0.566371682
GGTGTAGGCTGTACCTTTGTTGG,AGAAGGTGTAGGCTGTACCTTTGTTGGTGC,0.102261554
GGTTCTTGAGGAGGCTAGACAGG,TTCGGGTTCTTGAGGAGGCTAGACAGGCTA,0.256637168
GGAGGTAAGAGCTTCAAGATGGG,AGGAGGAGGTAAGAGCTTCAAGATGGGCAA,0.083579155
GGTGGAAGGATGCGTTACCGTGG,TGTAGGTGGAAGGATGCGTTACCGTGGCAA,0.989183874
GGCGCATGCGCTCCGGAACTGGG,GATCGGCGCATGCGCTCCGGAACTGGGGTG,0.29006883
GGCCGAAACAACTACAACTCAGG,AGACGGCCGAAACAACTACAACTCAGGTCC,0.36086529
GGTGGAGGAGGAGAGCAGTATGG,TGGGGGTGGAGGAGGAGAGCAGTATGGCTC,0.259587021
GGACCTCCACAAGGTTTGTTTGG,GCCCGGACCTCCACAAGGTTTGTTTGGAGC,0.356932153
GGGAACTGCTGGGACATAAGTGG,AGGAGGGAACTGCTGGGACATAAGTGGTTG,0.383480827
GGTGGTGAGCCAAACGGGTATGG,GGGTGGTGGTGAGCCAAACGGGTATGGGCC,0.951819075
GGCAAATACTTTTCCACAGCCGG,ATCGGGCAAATACTTTTCCACAGCCGGGGA,0.247787611
GGGAAGAGTGCGGCCGGGAAGGG,TTTTGGGAAGAGTGCGGCCGGGAAGGGAAA,0.932153392
GGCTGCCCACCACGGGGCAGGGG,ATATGGCTGCCCACCACGGGGCAGGGGCCT,0.161258604
GGCTTTTCAGGGGACATGTACGG,CCTGGGCTTTTCAGGGGACATGTACGGCAG,0.783677482
GGAAGTTTCGCCGGGCCACATGG,CGCTGGAAGTTTCGCCGGGCCACATGGACA,0.3726647
GGAGTACGAGCTGACATGAGTGG,CGGTGGAGTACGAGCTGACATGAGTGGGGT,0.538839724
GGCGTAACCGGGTGCCTGCGAGG,CGGCGGCGTAACCGGGTGCCTGCGAGGAAA,0.785644051
GGACCACAGTATCCCACCATTGG,CGCAGGACCACAGTATCCCACCATTGGAGT,0.907571288
GGCAATGGTAATCAGGTGCACGG,AAACGGCAATGGTAATCAGGTGCACGGGTC,0.578171092
GGGCTTCAGAAAGCTCTGGTTGG,TGTGGGGCTTCAGAAAGCTCTGGTTGGGAC,0.365781711
GGAGGCCTCTGGAATCAGGATGG,TTTCGGAGGCCTCTGGAATCAGGATGGGAA,0.563421829
GGGAACTGGGAGCTCCAGTTTGG,TGGTGGGAACTGGGAGCTCCAGTTTGGGAG,0.270403147
GGGTGTAGAGGAGACAGCGGAGG,AGAGGGGTGTAGAGGAGACAGCGGAGGGAG,0.865290069
GGGTTTCAGGGATGTCCACCAGG,GCGTGGGTTTCAGGGATGTCCACCAGGTAC,0.596853491
GGACTCCGGGATGTTTTGGGTGG,GAAGGGACTCCGGGATGTTTTGGGTGGGGG,0.502458211
GGCTCCAAAAGGATGGTCTCAGG,GCTGGGCTCCAAAAGGATGGTCTCAGGTGG,0.446411013
GGAGCAGCTGCCGTTTCAGTAGG,AGATGGAGCAGCTGCCGTTTCAGTAGGAGA,0.48574238
GGTGCAGGAGGTTCTTGGGAAGG,TGAGGGTGCAGGAGGTTCTTGGGAAGGCGT,0.617502458
GGTGGTGCCTGATGTTCGCTCGG,AGGTGGTGGTGCCTGATGTTCGCTCGGTCG,0.813176008
GGGACTGGACCTGGCGCTTGAGG,ATGAGGGACTGGACCTGGCGCTTGAGGACC,0.896755163
GGCCTCCAGTTTTCGCTGTATGG,GCTCGGCCTCCAGTTTTCGCTGTATGGAAA,0.297935104
GGAGAAGAAGAGGAGATTCCTGG,ATCAGGAGAAGAAGAGGAGATTCCTGGAGA,0.435594887
GGAGGTGGACATGGAGAAGCTGG,AAGTGGAGGTGGACATGGAGAAGCTGGCAG,0.545722715
GGCGGCTCGCCGGAGGGCGGAGG,AAGAGGCGGCTCGCCGGAGGGCGGAGGAGA,0.906588004
GGGCTGTTGCTCTTCTTGAGCGG,TGGCGGGCTGTTGCTCTTCTTGAGCGGCTC,0.946902655
GGCAGAGGTCTGCTCTGTGTTGG,CGCTGGCAGAGGTCTGCTCTGTGTTGGCAT,0.854473943
GGGAAAAGTCTTGATTCACTTGG,TTAAGGGAAAAGTCTTGATTCACTTGGTTA,0.524090462
GGTGCAATAAATTACTTTTAAGG,GAGAGGTGCAATAAATTACTTTTAAGGATG,0.411996067
GGTAAAGCAGGTTTTTGGATTGG,AATGGGTAAAGCAGGTTTTTGGATTGGAGA,0.357915438
GGAACAGGCTGGGAACAGATGGG,TTGTGGAACAGGCTGGGAACAGATGGGCGA,0.792527041
GGAGAACAGGCACAAGGCTGTGG,TGTTGGAGAACAGGCACAAGGCTGTGGTTG,0.925270403
GGTTGCGATTGGGTACAAATCGG,GCAGGGTTGCGATTGGGTACAAATCGGAGA,0.812192724
GGACTGGTTGAGTCCTGACGGGG,GCTGGGACTGGTTGAGTCCTGACGGGGGAG,0.816125861
GGAACGAAGCAAAACTGCGGTGG,CCCTGGAACGAAGCAAAACTGCGGTGGAGA,0.133726648
GGAGATGATGATTCGGGTGTTGG,CTTAGGAGATGATGATTCGGGTGTTGGAGT,0.7453294
GGAACAGAAGCCTACATTTACGG,CTGAGGAACAGAAGCCTACATTTACGGGCC,0.249754179
GGAGGGTCAGGTTATATCTCCGG,CCTTGGAGGGTCAGGTTATATCTCCGGTGG,0.306784661
GGCTTTTAGATACTGCGCCAGGG,ACATGGCTTTTAGATACTGCGCCAGGGTTA,0.303834809
GGCTCTAGGGTCAGGGTAACGGG,CCGAGGCTCTAGGGTCAGGGTAACGGGCAC,0.882989184
GGGAAGGTCACCACAGGGCGAGG,GGTTGGGAAGGTCACCACAGGGCGAGGAGG,0.75712881
GGAGTGCCCAGTGAAGGAGGGGG,ATCAGGAGTGCCCAGTGAAGGAGGGGGTCT,0.855457227
GGCAGTGGTGAAGAGAGTCTGGG,AGTTGGCAGTGGTGAAGAGAGTCTGGGACA,0.58013766
GGGGTAGGCTGTGGGGGAGGGGG,AGGTGGGGTAGGCTGTGGGGGAGGGGGTGA,0.891838742
GGCCGCGGGGGGTTGTTGGCTGG,GAGAGGCCGCGGGGGGTTGTTGGCTGGACA,0.362831858
GGAGCAGTAGGACCCACCTCAGG,TGGTGGAGCAGTAGGACCCACCTCAGGCTG,0.764995084
GGTGGCGCAGCTCAAGCAGAAGG,AGCAGGTGGCGCAGCTCAAGCAGAAGGTGA,0.075712882
GGAGCGCATCTCTCGGCTGGAGG,AACTGGAGCGCATCTCTCGGCTGGAGGAGA,0.468043265
GGAGAGCTGCAGGGGTCCCCAGG,TGGTGGAGAGCTGCAGGGGTCCCCAGGGGG,0.482792527
GGCTCCACCCTCAGAGCCGCGGG,ACAGGGCTCCACCCTCAGAGCCGCGGGCCA,0.127826943
GGTGCGGGCGTAGGCGAGGGCGG,CAGGGGTGCGGGCGTAGGCGAGGGCGGCGC,0.949852507
GGGGCTGGTCACTACGAGTCCGG,ACCAGGGGCTGGTCACTACGAGTCCGGCTC,0.966568339
GGGCATGAGGGATCCGGTGCTGG,CTGTGGGCATGAGGGATCCGGTGCTGGAGC,0.602753196
GGGCACAGTTTCCCGGGCGGAGG,CGCGGGGCACAGTTTCCCGGGCGGAGGCGG,0.952802359
GGTTTCAATGACGGGTAAGATGG,TTTCGGTTTCAATGACGGGTAAGATGGAAA,0.496558506
GGCTCTCTGGTTGACCTTTGTGG,GGACGGCTCTCTGGTTGACCTTTGTGGAGC,0.345132744
GGTGCTTCTGTGTGGGGGTGTGG,TCCAGGTGCTTCTGTGTGGGGGTGTGGAAA,0.935103245
GGCCCACAGGGCACTGGGGCCGG,TTGAGGCCCACAGGGCACTGGGGCCGGGCT,0.400196657
GGCTGTTTGTCTTCCTGGGCAGG,CCAGGGCTGTTTGTCTTCCTGGGCAGGGAC,0.261553589
GGGGCACTCTCTTTGGGCATTGG,ACATGGGGCACTCTCTTTGGGCATTGGACT,0.255653884
GGTTCACATCCGAGCCAGAGTGG,GGCTGGTTCACATCCGAGCCAGAGTGGCAC,0.193706981
GGGCCAAGCTCATCTTTCAGGGG,AAGTGGGCCAAGCTCATCTTTCAGGGGCCT,0.377581122
GGATTGTTGTCTAATTGAAGGGG,TGGTGGATTGTTGTCTAATTGAAGGGGAAA,0.26647001
GGCCTGTAGACAAAAAGGTCAGG,TGAAGGCCTGTAGACAAAAAGGTCAGGAAA,0.30875123
GGGCTCCAACCCGACACACTAGG,ACTTGGGCTCCAACCCGACACACTAGGCTC,0.941986234
GGAGGAAGACGATGAAGACGTGG,AGGAGGAGGAAGACGATGAAGACGTGGACA,0.611602753
GGCGTCCCTCTTCCAGGGGTCGG,CCCGGGCGTCCCTCTTCCAGGGGTCGGGTG,0.74041298
GGAAGACTGGAGAGTTTATCGGG,GCGAGGAAGACTGGAGAGTTTATCGGGTCG,0.508357916
GGAGGCATTTGTGGAGATGGTGG,CATGGGAGGCATTTGTGGAGATGGTGGCAC,0.682399213
GGAAAAAGCTCGTCTTGAAGAGG,AGAAGGAAAAAGCTCGTCTTGAAGAGGAGC,0.298918388
GGAAGCGGCAGGTCGGTTTGCGG,CGGTGGAAGCGGCAGGTCGGTTTGCGGCTC,0.911504425
GGAGGGTTGGGAGACAGGGCCGG,AACGGGAGGGTTGGGAGACAGGGCCGGAAT,0.721730581
GGCCACTCTTGTGGTTGCCCTGG,CCTGGGCCACTCTTGTGGTTGCCCTGGGTC,0.352999017
GGAGGTGCTGGACTCCACTGAGG,GGCTGGAGGTGCTGGACTCCACTGAGGAAG,0.833824975
GGTAATCGTGGTGAGAGGCGTGG,CGGGGGTAATCGTGGTGAGAGGCGTGGCAA,0.589970502
GGTGGAGGAAAAGGCCAGAGGGG,TGGTGGTGGAGGAAAAGGCCAGAGGGGTCC,0.84660767
GGAGAAGCTCCTCTTCCCAGAGG,GACTGGAGAAGCTCCTCTTCCCAGAGGCTA,0.866273353
GGAAGAGGCGGTGGAGGGGGCGG,ACCGGGAAGAGGCGGTGGAGGGGGCGGTGG,0.842674533
GGAGATTTGGCGCCCCCGGCCGG,ATCTGGAGATTTGGCGCCCCCGGCCGGGTT,0.331366765
GGTGGTGACTATTGAAATTTTGG,TGGTGGTGGTGACTATTGAAATTTTGGTTT,0.165191741
GGGTACATTGGGAGTGCTGTTGG,CATCGGGTACATTGGGAGTGCTGTTGGCTT,0.772861357
GGGCGCTCAAATCCCCTGTTAGG,AGGAGGGCGCTCAAATCCCCTGTTAGGGAA,0.406096362
GGTGCACCAGCGGGATTTGATGG,TGTAGGTGCACCAGCGGGATTTGATGGAGC,0.100294985
GGATTTGCACTTTGACTTTGAGG,GGTGGGATTTGCACTTTGACTTTGAGGCTG,0.312684366
GGGGGTGAAGGGGACTGGGAGGG,CGCAGGGGGTGAAGGGGACTGGGAGGGGTA,0.609636185
GGTAGCTGAGGCTTGGCCGTTGG,GCACGGTAGCTGAGGCTTGGCCGTTGGCCG,0.793510325
GGAGAGAGACCTTCGGGAGAAGG,AAGAGGAGAGAGACCTTCGGGAGAAGGAGA,0.594886922
GGGAAGACCGCAGGATGCTGGGG,GAGCGGGAAGACCGCAGGATGCTGGGGCGG,0.420845625
GGGAGAGTCGTGACGGCTGCAGG,AGAGGGGAGAGTCGTGACGGCTGCAGGACC,0.743362832
GGAGGTCTGAGGCCCAGCCTTGG,GGCTGGAGGTCTGAGGCCCAGCCTTGGATG,0.463126844
GGGTTCTAGGGGCCTCCAGCTGG,AGGTGGGTTCTAGGGGCCTCCAGCTGGAGG,0.167158309
GGAGGGGTATGGTGGGGGCTCGG,TATGGGAGGGGTATGGTGGGGGCTCGGGGA,0.307767946
GGGACCCTCCTGACCCAGAAAGG,GACGGGGACCCTCCTGACCCAGAAAGGGGA,0.241887906
GGCCGGAGGCACCATACTGATGG,GCGTGGCCGGAGGCACCATACTGATGGATC,0.470009833
GGGTAGATTTGGCAAACGATGGG,GTACGGGTAGATTTGGCAAACGATGGGAAG,0.120943953
GGGCAAGTATGAGACTCTGGAGG,TGGTGGGCAAGTATGAGACTCTGGAGGATG,0.669616519
GGAGCTTCTCTCTGAGTGCCTGG,GAGTGGAGCTTCTCTCTGAGTGCCTGGGTC,0.173058014
GGCACCACTCTGCAGTGCCTCGG,CATCGGCACCACTCTGCAGTGCCTCGGTTG,0.299901672
GGCCGACACCAATCGCTCAAAGG,GGTAGGCCGACACCAATCGCTCAAAGGGCT,0.204523107
GGCACGTGGGCCTCATTGGAAGG,TGAGGGCACGTGGGCCTCATTGGAAGGGAT,0.614552606
GGCGTGCACCAACTGGAAGCGGG,AGGTGGCGTGCACCAACTGGAAGCGGGTCA,0.579154376
GGTCACTGGGGGTCAAGACGCGG,TTGAGGTCACTGGGGGTCAAGACGCGGCGT,0.287118977
GGCCCGGCGGGATCAGGTGGCGG,ACCAGGCCCGGCGGGATCAGGTGGCGGAGA,0.817109145
GGCTACAGTACACAAGGTTATGG,CACTGGCTACAGTACACAAGGTTATGGGTT,0.117010816
GGGAGAATAGTAGGGCGCTGTGG,CATAGGGAGAATAGTAGGGCGCTGTGGCTG,0.671583088
GGCAAATGTGCCTTCCCGTAGGG,TCCTGGCAAATGTGCCTTCCCGTAGGGGTG,0.618485742
GGGAACTTGGAAGTGCCCCTGGG,GACAGGGAACTTGGAAGTGCCCCTGGGCTG,0.763028515
GGCCCATTTGCGTACACACACGG,TCCTGGCCCATTTGCGTACACACACGGCTC,0.277286136
GGCGTGAGGGAGTGTTTCATTGG,TACAGGCGTGAGGGAGTGTTTCATTGGGCA,0.087512291
GGCACTAGAGGACAGAGAACTGG,AGGTGGCACTAGAGGACAGAGAACTGGGGT,0.228121928
GGGGTGCATTGGGGTAGGTCAGG,AGGTGGGGTGCATTGGGGTAGGTCAGGCAA,0.515240905
GGAGGTGAGGCCCCTGTGAGAGG,AGAGGGAGGTGAGGCCCCTGTGAGAGGACT,0.860373648
GGCTACCACGGCTCCATTGTCGG,CATGGGCTACCACGGCTCCATTGTCGGGGC,0.586037365
GGGCGATGTGGCCTGTGCCCAGG,ACAGGGGCGATGTGGCCTGTGCCCAGGCTG,0.559488693
GGGGCATTACAGGGGTAGGACGG,GCTGGGGGCATTACAGGGGTAGGACGGTGG,0.97640118
GGAGGAGCTTTCTGGGGTAGTGG,CAAAGGAGGAGCTTTCTGGGGTAGTGGAGG,0.681415929
GGAAGAGGTGGAGGTGGGGGAGG,AGCAGGAAGAGGTGGAGGTGGGGGAGGAGG,0.328416913
GGAGGAACCGATGGAGGTGGTGG,TGATGGAGGAACCGATGGAGGTGGTGGAGG,0.994100295
GGAGGAACTGAGGGTGGCAGTGG,GGATGGAGGAACTGAGGGTGGCAGTGGAGG,0.948869223
GGACGTTCCTGGTGAGGTGGTGG,AATAGGACGTTCCTGGTGAGGTGGTGGAGG,0.986234022
GGAGGTTGGAGGTGTGTATGAGG,TGGGGGAGGTTGGAGGTGTGTATGAGGAAA,0.983284169
GGTTCCAGAGAGGTTGCTTCAGG,GGAGGGTTCCAGAGAGGTTGCTTCAGGCTT,0.14847591
GGGAACTCCTCAAACACAGCGGG,TACAGGGAACTCCTCAAACACAGCGGGATC,0.755162242
GGTTGAAGTGGAGAAACTGAGGG,TGGAGGTTGAAGTGGAGAAACTGAGGGCCG,0.980334317
GGGAGCCAGTCCCGTCAGCAGGG,CGCTGGGAGCCAGTCCCGTCAGCAGGGGAC,0.968534907
GGTTAGAAGAGGAGAACAACTGG,TCGCGGTTAGAAGAGGAGAACAACTGGCTT,0.950835791
GGAAGACCAGGGCAAGCAGGTGG,TATGGGAAGACCAGGGCAAGCAGGTGGGGA,0.85152409
GGCTGAAGAGGACGACGAGGAGG,TCGAGGCTGAAGAGGACGACGAGGAGGAAG,0.796460178
GGCAATCCGCTCCGAGGACACGG,CCGGGGCAATCCGCTCCGAGGACACGGCCA,0.301868241
GGTGGTGTTGTACGGTGCGACGG,ACTGGGTGGTGTTGTACGGTGCGACGGGGA,0.731563422
GGATGAACGCGAGACCGCGCGGG,AGCTGGATGAACGCGAGACCGCGCGGGCGT,0.582104228
GGGGTGTCTGATGGCCGCCAGGG,CGATGGGGTGTCTGATGGCCGCCAGGGCAA,0.960668634
GGCGATGCAGCAAGTGACGACGG,GACTGGCGATGCAGCAAGTGACGACGGGTT,0.505408063
GGCAAAACCAAGGAGCTCCACGG,CAGTGGCAAAACCAAGGAGCTCCACGGAGA,0.469026549
GGAGTAGTAAGGTGCTGCCTGGG,GATGGGAGTAGTAAGGTGCTGCCTGGGAAC,0.836774828
GGAACTGTGGTCAAAGGATTGGG,GCCTGGAACTGTGGTCAAAGGATTGGGCAT,0.619469026
GGGTCCTCAGTTTATGCAAAGGG,CACCGGGTCCTCAGTTTATGCAAAGGGCAC,0.215339234
GGAATGCGTGATCCCAGACTTGG,AGTAGGAATGCGTGATCCCAGACTTGGGTT,0.197640118
GGCTGTAGTTGAGACTGAGGAGG,CTGTGGCTGTAGTTGAGACTGAGGAGGAGG,0.718780728
GGTGGCAGAAACTGGAGTGGAGG,ATCCGGTGGCAGAAACTGGAGTGGAGGATG,0.802359882
GGGAAACCTTGACAATCTTGAGG,ATTTGGGAAACCTTGACAATCTTGAGGCCA,0.066863324
GGCAGTTGTGCGTGTATCCTGGG,GAGTGGCAGTTGTGCGTGTATCCTGGGAAG,0.971484759
GGTTTATCCAGTTCTTCCTGCGG,TGCAGGTTTATCCAGTTCTTCCTGCGGCTG,0.316617503
GGTTACTGCTGTTGCTGTACAGG,GCCTGGTTACTGCTGTTGCTGTACAGGAAC,0.272369715
GGGGGGCAGTGCCAGTGGCTGGG,TGGTGGGGGGCAGTGCCAGTGGCTGGGGGC,0.293018683
GGCACGCGCATGCCAGTGTGTGG,GGGCGGCACGCGCATGCCAGTGTGTGGATC,0.067846608
GGTGACGCCGTAGCGAGTGTTGG,CGGTGGTGACGCCGTAGCGAGTGTTGGACT,0.119960669
GGAGAAGTCGAACTGTATGAAGG,ATGCGGAGAAGTCGAACTGTATGAAGGCGT,0.176991151
GGTGGAGCTGGAGTACTCTCTGG,CAGCGGTGGAGCTGGAGTACTCTCTGGATC,0.516224189
GGAAGACAATCCCTGACCAGCGG,CGCAGGAAGACAATCCCTGACCAGCGGCTG,0.480825959
GGCAATGGGAAAGCGTGTACCGG,ACAGGGCAATGGGAAAGCGTGTACCGGCAA,0.923303835
GGGCCAGCAGCCTATGGGTCTGG,TGCAGGGCCAGCAGCCTATGGGTCTGGTGT,0.954768928
GGCCCCTGAGATGAGGCCCATGG,CACAGGCCCCTGAGATGAGGCCCATGGAGT,0.176007867
GGCACTGAAAGCGGCCAGGATGG,CGGAGGCACTGAAAGCGGCCAGGATGGTCC,0.635201574
GGCTCTTCCCACACTGGAAATGG,CAACGGCTCTTCCCACACTGGAAATGGAGG,0.233038349
GGTGGTAGTCGAGAGGTGGCGGG,ACCTGGTGGTAGTCGAGAGGTGGCGGGTGG,0.668633235
GGGCCTTGTGCTCCCTGGCACGG,GCCGGGGCCTTGTGCTCCCTGGCACGGAGC,0.93411996
GGTGATGAAGAAGAACCATCGGG,TATAGGTGATGAAGAAGAACCATCGGGAAA,0.574237955
GGGGTGTAGTTCCCCCTCCTAGG,GGAAGGGGTGTAGTTCCCCCTCCTAGGACG,0.771878073
GGTGTGTCGGACACCCCGGGTGG,GTGGGGTGTGTCGGACACCCCGGGTGGTGC,0.864306784
GGGTGCCCAGGAGGAGCCCTTGG,CTCAGGGTGCCCAGGAGGAGCCCTTGGCAT,0.815142577
GGGGAAAGCAAAAGTTGTCCTGG,AGGAGGGGAAAGCAAAAGTTGTCCTGGCCC,0.105211406
GGTGAGGTCAGCATTGGAATGGG,GCTAGGTGAGGTCAGCATTGGAATGGGCGT,0.003933137
GGGGCTCCAGGTGGGAGGTAGGG,TGTAGGGGCTCCAGGTGGGAGGTAGGGGTG,0.902654867
GGATGCTTTACGGGAAGTCATGG,CCATGGATGCTTTACGGGAAGTCATGGTGC,0.527040315
GGAAGATCAACAGCCGTGAAAGG,CGGAGGAAGATCAACAGCCGTGAAAGGAAG,0.660766962
GGAGGTTTTGAAGATCGGAGAGG,TCGAGGAGGTTTTGAAGATCGGAGAGGCCC,0.479842675
GGTGTTAGATACAGAGAGCAGGG,GTCTGGTGTTAGATACAGAGAGCAGGGCGA,0.490658801
GGAACAACATTAATCATTTATGG,GATTGGAACAACATTAATCATTTATGGCAA,0.32055064
GGAGAGGCGAGTGGTGTTTTAGG,TAAAGGAGAGGCGAGTGGTGTTTTAGGTGG,0.970501475
GGACACTGGGCAATGGGGTGTGG,GGGAGGACACTGGGCAATGGGGTGTGGCTG,0.804326451
GGTGACACAGTTACTCCTTTAGG,CACAGGTGACACAGTTACTCCTTTAGGGGA,0.340216323
GGAAGTTCACTAGAATCTGTGGG,TAATGGAAGTTCACTAGAATCTGTGGGATC,0.33726647
GGGCGGGAGCTTGGTTTAGGAGG,ACGGGGGCGGGAGCTTGGTTTAGGAGGGGT,0.885939037
GGGACTGGGACTGACTCCAGTGG,GGCTGGGACTGGGACTGACTCCAGTGGACT,0.987217306
GGGCAGTAGGGACACACTACTGG,GGGGGGGCAGTAGGGACACACTACTGGAGA,0.338249754
GGAGGGGTGGACTCTGAGCCAGG,ATGTGGAGGGGTGGACTCTGAGCCAGGTAC,0.98820059
GGAATCAGAGTGCTGGTCCACGG,CTTTGGAATCAGAGTGCTGGTCCACGGCTC,0.972468044
GGTAGTGGCTGGGCAGTAGTAGG,GCAGGGTAGTGGCTGGGCAGTAGTAGGTCT,0.985250738
GGCGACGCCGCGCTCTGAGCTGG,TCGTGGCGACGCCGCGCTCTGAGCTGGACA,0.072763029
GGAAGGGTTTGTGGCCGGTGTGG,CACTGGAAGGGTTTGTGGCCGGTGTGGATG,0.830875123
GGGGTAGGGCCGCTCGTGCACGG,GACAGGGGTAGGGCCGCTCGTGCACGGGCG,0.841691249
GGCCTGAGGGGCAAATTCTGCGG,GATTGGCCTGAGGGGCAAATTCTGCGGAGT,0.088495576
GGTAATTTGAAAGAGTCCAGCGG,AGGCGGTAATTTGAAAGAGTCCAGCGGGCA,0.318584071
GGAAAAAGCCGGCGTAGTCCGGG,GGTTGGAAAAAGCCGGCGTAGTCCGGGATT,0.510324484
GGATGGCGGAGGATATGAGATGG,AGTAGGATGGCGGAGGATATGAGATGGGAC,0.734513275
GGCGCAGAACCAAGCAGACATGG,CCATGGCGCAGAACCAAGCAGACATGGAGC,0.46214356
GGTGACGAGGATGCTGAGGATGG,TGCAGGTGACGAGGATGCTGAGGATGGCTG,0.835791544
GGTGCTGGGCTCCAGAGATTTGG,AGCTGGTGCTGGGCTCCAGAGATTTGGACA,0.517207473
GGAGTCAACGTAGTTTGTGACGG,TGTGGGAGTCAACGTAGTTTGTGACGGTGC,0.519174041
GGACGGGGCAGAAACAGACGTGG,TAGAGGACGGGGCAGAAACAGACGTGGGGT,0.41494592
GGACCCAGGAACCGTAGGTGGGG,TCTAGGACCCAGGAACCGTAGGTGGGGTTC,0.542772862
GGCTTCAAGTCCCAGAGCATCGG,CCATGGCTTCAAGTCCCAGAGCATCGGCCA,0.612586037
GGAACAGGCTCTGCCCAACAGGG,AGCAGGAACAGGCTCTGCCCAACAGGGCTC,0.65093412
GGTCTTTGTAGCTGCAAACGGGG,GACTGGTCTTTGTAGCTGCAAACGGGGTTT,0.171091446
GGCACTGTGATCCGCCCTGACGG,AGGGGGCACTGTGATCCGCCCTGACGGATC,0.590953786
GGACCACACTCCACTGGAAGAGG,AGGAGGACCACACTCCACTGGAAGAGGGGT,0.178957719
GGGCCCAACCATGTAGGAAATGG,CTCCGGGCCCAACCATGTAGGAAATGGTGG,0.159292036
GGCATGCGTCCTGGACCACAGGG,CCTCGGCATGCGTCCTGGACCACAGGGCAA,0.548672567
GGGAATGTAAGCAGAGCAGCTGG,TGGAGGGAATGTAAGCAGAGCAGCTGGTGG,0.16027532
GGAGACTCTAGGGAATCCACAGG,GTGTGGAGACTCTAGGGAATCCACAGGAGA,0.76892822
GGCCGTGCTGGAGGTGGCCACGG,AATTGGCCGTGCTGGAGGTGGCCACGGGCT,0.507374631
GGCCCAGCATGTGACTCACCGGG,TGCTGGCCCAGCATGTGACTCACCGGGGGC,0.592920354
GGTGCTGCTGCATGCCACTATGG,CTGTGGTGCTGCTGCATGCCACTATGGCCT,0.536873156
GGCTCATGGTGACGTTCATTGGG,TCACGGCTCATGGTGACGTTCATTGGGGCG,0.695181907
GGTGCTGAAGGGCGTGAGATAGG,GAAGGGTGCTGAAGGGCGTGAGATAGGCTG,0.457227138
GGATGACTCAAAGGCAAGTGTGG,GAAAGGATGACTCAAAGGCAAGTGTGGAGT,0.850540806
GGCCTGCTGTGGCTGCAGCTTGG,CCTCGGCCTGCTGTGGCTGCAGCTTGGTCT,0.196656834
GGGGCTTTTGTTAGGCCTGGAGG,GCTGGGGGCTTTTGTTAGGCCTGGAGGAAC,0.518190757
GGACAGGGAATCCTCTCTAAAGG,TAAAGGACAGGGAATCCTCTCTAAAGGAGG,0.237954769
GGTTATGATAAACCTGGTCAGGG,AGGTGGTTATGATAAACCTGGTCAGGGTAT,0.513274336
GGATCGTTGCTGAATGACAGAGG,TATTGGATCGTTGCTGAATGACAGAGGCTT,0.074729597
GGTGGAGGAGAAGGTGAAAGTGG,AATTGGTGGAGGAGAAGGTGAAAGTGGACA,0.797443462
GGGGCTAGGGTGAGAGTAACTGG,CACCGGGGCTAGGGTGAGAGTAACTGGGAG,0.790560472
GGAGCTATCAGCCCCATTCTGGG,CAGAGGAGCTATCAGCCCCATTCTGGGTGA,0.751229105
GGCTACCCCAATAGATGGACTGG,GACTGGCTACCCCAATAGATGGACTGGGAG,0.191740413
GGGTCGTGAGGTGGTCGCTCCGG,ATGTGGGTCGTGAGGTGGTCGCTCCGGCTG,0.047197641
GGATACGGGCGCTCGTGCACCGG,ACACGGATACGGGCGCTCGTGCACCGGCGT,0.820058997
GGCCGCAGTATTGGCCTGAGTGG,CCGTGGCCGCAGTATTGGCCTGAGTGGGAC,0.212389381
GGACAACATGGCAGTTTTTCAGG,AAAGGGACAACATGGCAGTTTTTCAGGATA,0.051130778
GGAGAAAAGCGCCCCGTCTATGG,TGATGGAGAAAAGCGCCCCGTCTATGGTTG,0.581120944
GGGAAGATTTTGGACTATTTTGG,TGTTGGGAAGATTTTGGACTATTTTGGAGC,0.24287119
GGAGAACGATCCTGGTGATGTGG,CCGTGGAGAACGATCCTGGTGATGTGGACC,0.59193707
GGAGAAAACTTGCCCGGGTCAGG,GTGCGGAGAAAACTTGCCCGGGTCAGGCAG,0.659783678
GGCCTGAGCAGCGACAGCTTCGG,AGGTGGCCTGAGCAGCGACAGCTTCGGCGT,0.919370698
GGCGGCGCTCAGAGACGGGCCGG,ATCAGGCGGCGCTCAGAGACGGGCCGGGCG,0.217305802
GGGGGTGGTGCAGGACGGGGCGG,TGATGGGGGTGGTGCAGGACGGGGCGGCCA,0.908554572
GGGCAGCTCCAGTCCACCTGTGG,GCAGGGGCAGCTCCAGTCCACCTGTGGCAG,0.95771878
GGTGTTGCGGGACGAGAAGATGG,AGCAGGTGTTGCGGGACGAGAAGATGGGCC,0.073746313
GGGACCCTGCCGACACTGGCAGG,TGCAGGGACCCTGCCGACACTGGCAGGCGC,0.670599803
GGCCTGCCCCTCGCGCTGACAGG,ACACGGCCTGCCCCTCGCGCTGACAGGACG,0.263520158
GGCGAGAATGGCCGTCCCAGAGG,TGCTGGCGAGAATGGCCGTCCCAGAGGCAG,0.897738447
GGCCGACTTCTCGCTGTCCGTGG,TGCGGGCCGACTTCTCGCTGTCCGTGGTCA,0.154375615
GGTGTATAACGCGCAGGTGTGGG,TGGTGGTGTATAACGCGCAGGTGTGGGACA,0.732546706
GGAGAAGCAGTCGGATGAGCAGG,CCTGGGAGAAGCAGTCGGATGAGCAGGAGC,0.07767945
GGACACTGAACAGGGATTTCCGG,TGTCGGACACTGAACAGGGATTTCCGGAGA,0.128810227
GGAGAAAGAAAAGAGCGTGATGG,TGGAGGAGAAAGAAAAGAGCGTGATGGGAC,0.342182891
GGAGCCTTGCGAGATTTTGTTGG,CAGTGGAGCCTTGCGAGATTTTGTTGGAAT,0
GGAGTCGGTCGCTGAGCTGTGGG,CGGTGGAGTCGGTCGCTGAGCTGTGGGTGG,0.711897739
GGATCCTGACGACCCACTGCTGG,CTTTGGATCCTGACGACCCACTGCTGGGCA,0.302851525
GGCCAGACAGTTTGAGGCTTTGG,AACAGGCCAGACAGTTTGAGGCTTTGGCTG,0.352015733
GGAGCTTACAGACAGCAGGGAGG,AGGCGGAGCTTACAGACAGCAGGGAGGAGC,0.332350049
GGATGGCCTATCTAGTAGTCCGG,TCCAGGATGGCCTATCTAGTAGTCCGGAAC,0.819075713
GGTGATGGCGCTTTCTGATTTGG,GGAAGGTGATGGCGCTTTCTGATTTGGGAA,0.558505409
GGTCTGTTTGTGAGCAGCAATGG,CAGTGGTCTGTTTGTGAGCAGCAATGGCAC,0
GGGCCTCCACATTCACAGACTGG,GATGGGGCCTCCACATTCACAGACTGGCAT,0.181907571
GGGGACAGCATGCCACGGGGAGG,CTGTGGGGACAGCATGCCACGGGGAGGGTG,0.82300885
GGGCACATGATGGGTAGGACAGG,CCCAGGGCACATGATGGGTAGGACAGGCAT,0.481809243
GGTATGGGCATGCCTCAGATCGG,TCCAGGTATGGGCATGCCTCAGATCGGCTC,0.218289086
GGAGGAGGTTGGCCCTGGTGAGG,CTGTGGAGGAGGTTGGCCCTGGTGAGGATT,0.782694198
GGACCATCACCCATGGGCATTGG,GTCTGGACCATCACCCATGGGCATTGGCGG,0.629301869
GGTAACACATCATCAGGACGTGG,GGGTGGTAACACATCATCAGGACGTGGGGG,0.336283186
GGAGGATTCCCTCGCATTCAGGG,AATGGGAGGATTCCCTCGCATTCAGGGACC,0.111111111
GGGGGACCTCCAGATGGAATAGG,TGGAGGGGGACCTCCAGATGGAATAGGACC,0.423795477
GGAGGAGTTGTTGGAAGCGAAGG,AATTGGAGGAGTTGTTGGAAGCGAAGGCAT,0.654867257
GGCATAGCTGTAACAGGTGGTGG,GCTTGGCATAGCTGTAACAGGTGGTGGTGG,0.789577187
GGAGATGACGCAAAGGAAGGAGG,AGATGGAGATGACGCAAAGGAAGGAGGCTC,0.760078663
GGCGTGGGTAGTGTGTTACTTGG,CGTTGGCGTGGGTAGTGTGTTACTTGGGGA,0.637168142
GGCAAGTTCCTTTCAACCAAAGG,GCCTGGCAAGTTCCTTTCAACCAAAGGAGT,0.628318585
GGTGTTCACCGTGGCTATGATGG,TTCTGGTGTTCACCGTGGCTATGATGGTGC,0.61553589
GGAAGTGAGCGTGCAGAGAACGG,CCCAGGAAGTGAGCGTGCAGAGAACGGCAT,0.801376598
GGAGATGCCATCATCGAAAATGG,AGGAGGAGATGCCATCATCGAAAATGGCCA,0.007866274
GGGGGTCTGTCTCTGATGTCAGG,TGAAGGGGGTCTGTCTCTGATGTCAGGCCC,0.330383481
GGGGCCATGAGGCCGGGGTGCGG,TCCGGGGGCCATGAGGCCGGGGTGCGGGAG,0.714847592
GGCCCTGCTCATAGTCCTCTCGG,AGACGGCCCTGCTCATAGTCCTCTCGGAGC,0.01179941
GGTGCAGAGGGTCATTCCGTAGG,AACCGGTGCAGAGGGTCATTCCGTAGGAGA,0.477876107
GGGCATCAGTCCCATCCCAGGGG,TCATGGGCATCAGTCCCATCCCAGGGGCAG,0.916420846
GGCACTGGCATTGAGGATGGAGG,CATGGGCACTGGCATTGAGGATGGAGGGTG,0.621435595
GGCATGGATCGGGTGAACGGCGG,TGGCGGCATGGATCGGGTGAACGGCGGCCT,0.806293019
GGTTCCACTGAGCAGGATGTAGG,GCATGGTTCCACTGAGCAGGATGTAGGAAA,0.099311701
GGCCAGCACACGAAAGAAAGGGG,GCTTGGCCAGCACACGAAAGAAAGGGGACG,0.149459194
GGTGAAGTACCTCCATACATTGG,ATGGGGTGAAGTACCTCCATACATTGGGCA,0.202556539
GGTCTACATGGTGATGGAGTTGG,AGCGGGTCTACATGGTGATGGAGTTGGCCA,0.355948869
GGGTAGTACGAGTGGAACACAGG,AGTCGGGTAGTACGAGTGGAACACAGGAGC,0.549655851
GGACGTCACCGGGTGGTTCTGGG,AGTTGGACGTCACCGGGTGGTTCTGGGAGG,0.483775812
GGTCGGAATTTGACGTGATGGGG,GGAAGGTCGGAATTTGACGTGATGGGGTGC,0.11307768
GGCAACATCCAAACGGTGCACGG,CCCAGGCAACATCCAAACGGTGCACGGTGC,0.492625369
GGCACACTGAATCCCACACAGGG,TTATGGCACACTGAATCCCACACAGGGGCC,0.43166175
GGTGTGTACAACAAATGTTCTGG,AGGAGGTGTGTACAACAAATGTTCTGGAGT,0.110127827
GGCAAACGTGTGCTTATGTTCGG,AGGGGGCAAACGTGTGCTTATGTTCGGAGG,0.747295969
GGTCATTAAATAGCGGCTTTAGG,AAGCGGTCATTAAATAGCGGCTTTAGGCGG,0.243854474
GGGCTCATACATTCCCAAAAAGG,AGAAGGGCTCATACATTCCCAAAAAGGTAT,0.713864307
GGAACAGGAATTTACATTTCAGG,TATCGGAACAGGAATTTACATTTCAGGTGG,0.115044248
GGGAGAACCTGCTTTGTCAACGG,AGAAGGGAGAACCTGCTTTGTCAACGGTAG,0.72861357
GGAACCACTCTTGCAGAAGAGGG,AGATGGAACCACTCTTGCAGAAGAGGGCAC,0.182890856
GGGAACTTCCTATTTGTGTTAGG,TGTTGGGAACTTCCTATTTGTGTTAGGAGG,0.387413963
GGCTGGAATTTCTTGCTACGGGG,GAGTGGCTGGAATTTCTTGCTACGGGGTTC,0.185840708
GGTGGGCCTCCCAGAGTCAGGGG,ATTTGGTGGGCCTCCCAGAGTCAGGGGTCC,0.915437562
GGTGGTCGTCGAATTGGCCTAGG,CGGGGGTGGTCGTCGAATTGGCCTAGGGGG,0.535889872
GGAGGTCTGTGCTCCATGTGAGG,TGGTGGAGGTCTGTGCTCCATGTGAGGAGG,0.914454277
GGATCTTCAGGCAAAGGTCGAGG,GTATGGATCTTCAGGCAAAGGTCGAGGAGG,0.206489675
GGTGATGGGGTATACTTGGAGGG,ATGTGGTGATGGGGTATACTTGGAGGGTGT,0.667649951
GGGACCATTCGGTGGGATTTTGG,CCATGGGACCATTCGGTGGGATTTTGGAAG,0.680432645
GGGACCCTTCCATCCACATGGGG,AGGAGGGACCCTTCCATCCACATGGGGACA,0.877089479
GGCAAATCCCTGGTGGTGTGTGG,TCCCGGCAAATCCCTGGTGGTGTGTGGTGC,0.157325468
GGAGGTGGAAGCTTTGGGATAGG,GGGTGGAGGTGGAAGCTTTGGGATAGGTGG,0.63913471
GGTAGCTATGCCTATCAAGATGG,GGAAGGTAGCTATGCCTATCAAGATGGTCA,0.078662734
GGGTTTTGGGTCGGAATGGTGGG,AAGCGGGTTTTGGGTCGGAATGGTGGGTTG,0.685349066
GGCAGACGTCAGTTCAGTTCTGG,ACCGGGCAGACGTCAGTTCAGTTCTGGAGA,0.029498525
GGCGATTTGATCCCACAAGAGGG,TACCGGCGATTTGATCCCACAAGAGGGATG,0.230088496
GGTCATGTGCGGTCACAGGGAGG,TCTTGGTCATGTGCGGTCACAGGGAGGATC,0.057030483
GGTGAGCAGAGCATTGTCATGGG,AGAAGGTGAGCAGAGCATTGTCATGGGTAT,0.723697149
GGTGAGGTAGAGAAACGTTACGG,GATTGGTGAGGTAGAGAAACGTTACGGCGA,0.063913472
GGAAGAACAGAGTGTCTACTGGG,GCCAGGAAGAACAGAGTGTCTACTGGGTGC,0.103244838
GGATGAATGCTATCAGCAATTGG,TGTCGGATGAATGCTATCAGCAATTGGCAG,0.005899705
GGCTGCCCGCACAAAGATGGCGG,ACATGGCTGCCCGCACAAAGATGGCGGCTG,0.361848574
GGGGACATGTACCCTTTCAGTGG,TGAAGGGGACATGTACCCTTTCAGTGGTCA,0.96460177
GGTGGGCGTCTTTCTGAGCCTGG,GCCTGGTGGGCGTCTTTCTGAGCCTGGATA,0.706981317
GGCATGGAAGGCTGAGAGTTTGG,CGGTGGCATGGAAGGCTGAGAGTTTGGACC,0.742379548
GGACACCAGGTGGCCCTTGGCGG,GAAGGGACACCAGGTGGCCCTTGGCGGTTA,0.977384464
GGCCAGGCCAAGGACCCTCTTGG,ACATGGCCAGGCCAAGGACCCTCTTGGTTC,0.235988201
GGCTGAAGAGGTCTGGACATAGG,GTTGGGCTGAAGAGGTCTGGACATAGGTGG,0.737463127
GGTGAGGTCCTGTTCTCCATTGG,GTTGGGTGAGGTCCTGTTCTCCATTGGTCT,0.532940019
GGCTGAGCAATGTGTGATGCAGG,TGGTGGCTGAGCAATGTGTGATGCAGGGAC,0.292035399
GGTAGTGGTCTGGATTAAAATGG,TTTAGGTAGTGGTCTGGATTAAAATGGATG,0.886922321
GGCTAACAAGCCTGACTTGAGGG,TCTCGGCTAACAAGCCTGACTTGAGGGACA,0.428711898
GGCAATACGGTCAGACAGACAGG,TGGTGGCAATACGGTCAGACAGACAGGACA,0.90560472
GGGGCTACTTCTGGTGTTACCGG,TCGAGGGGCTACTTCTGGTGTTACCGGTGG,0.975417896
GGATGGAAGAATATTGGAAACGG,ATGAGGATGGAAGAATATTGGAAACGGTCT,0.375614553
GGCTTCTTAACATCTGCTGGTGG,ACGTGGCTTCTTAACATCTGCTGGTGGTGG,0.22615536
GGGTCACAATATGGGAAACTTGG,AATGGGGTCACAATATGGGAAACTTGGGTT,0.20747296
GGGTAACACAGCTGAATGAAGGG,ATTTGGGTAACACAGCTGAATGAAGGGGAA,0.53785644
GGAGGTTGGTGGACCCAATGTGG,TAAAGGAGGTTGGTGGACCCAATGTGGATC,0.938053097
GGGGTTCAACTGCTGATCTTGGG,TGTTGGGGTTCAACTGCTGATCTTGGGGTT,0.810226156
GGAGCAGAGTCTCTTTGCATAGG,TCCTGGAGCAGAGTCTCTTTGCATAGGCAT,0.66273353
GGAAGCTCGGCGTGTGGACGAGG,CAGTGGAAGCTCGGCGTGTGGACGAGGTTT,0.022615536
GGCATCAGAGTAAACCCTGACGG,TCTGGGCATCAGAGTAAACCCTGACGGGCA,0.253687316
GGTCAGACTTTACAGACCTCTGG,TAAAGGTCAGACTTTACAGACCTCTGGACG,0.17207473
GGGCTGGGTGTGTCTCTTCCAGG,GTTAGGGCTGGGTGTGTCTCTTCCAGGTTC,0.843657817
GGCCTGCCCATTATAGATAAAGG,ACTTGGCCTGCCCATTATAGATAAAGGGAA,0.251720748
GGCTGGTAAAGAGAAGAGGCTGG,TGAGGGCTGGTAAAGAGAAGAGGCTGGGAG,0.141592921
GGAAGCAGGGTCGCAAAACCTGG,TCTGGGAAGCAGGGTCGCAAAACCTGGAGT,0.232055064
GGGAGAAGGAGACTTTGAGCAGG,GTTTGGGAGAAGGAGACTTTGAGCAGGTGA,0.044247789
GGTGGTGCTATCATGCTGTGTGG,CCCAGGTGGTGCTATCATGCTGTGTGGCGC,0.03539823
GGACTTTGTGCAAAGTGCTGAGG,CAGAGGACTTTGTGCAAAGTGCTGAGGTTA,0.116027532
GGTGATGATGGTGAGCTGTGAGG,TGTTGGTGATGATGGTGAGCTGTGAGGGCT,0.955752212
GGTAGGACTTGGCACAGCACAGG,TTTGGGTAGGACTTGGCACAGCACAGGGGA,0.600786627
GGCACTCACCGGAATGAGCAAGG,TAGTGGCACTCACCGGAATGAGCAAGGAGG,0.016715831
GGACCTCAGCAAGCAGTAACTGG,TGGTGGACCTCAGCAAGCAGTAACTGGTTA,0.129793511
GGAGCTGTGTAGCAGAGTAAAGG,ATTGGGAGCTGTGTAGCAGAGTAAAGGCTG,0.899705015
GGAGCCTGGATGAGTGTGTGGGG,GTGAGGAGCCTGGATGAGTGTGTGGGGGGA,0.926253687
GGTTAAGTGGGGTCTGGGTCTGG,AGATGGTTAAGTGGGGTCTGGGTCTGGATG,0.294001967
GGCAGGCATGCACCAGAGACTGG,CACTGGCAGGCATGCACCAGAGACTGGATG,0.675516224
GGCTGCAAGCGCAAGACAAACGG,CAAGGGCTGCAAGCGCAAGACAAACGGTGG,0.013765979
GGCAGCAGCAGCTACAACACCGG,CTGCGGCAGCAGCAGCTACAACACCGGCTG,0.562438545
GGTGGGTGTGCTGGGGGCTGTGG,GCGAGGTGGGTGTGCTGGGGGCTGTGGATG,0.679449361
GGTGACATTACGACAGCGTTTGG,GGTTGGTGACATTACGACAGCGTTTGGCGT,0.625368732
GGAGACTGCTGCTGATGTAGTGG,GAGTGGAGACTGCTGCTGATGTAGTGGGGA,0.779744346
GGCACGGCACATAGAGATGGTGG,AGATGGCACGGCACATAGAGATGGTGGCGC,0.031465093
GGCCCAACAAGCTGCATGGGTGG,GCGTGGCCCAACAAGCTGCATGGGTGGTTG,0.749262537
GGTCGCTCAACAGACCCCACAGG,AGCAGGTCGCTCAACAGACCCCACAGGGCC,0.222222223
GGTGCGCGGGAGAGAAAGTGCGG,CTGAGGTGCGCGGGAGAGAAAGTGCGGGGG,0.722713865
GGCCTGGAGAAGTCTGTACGGGG,CGAGGGCCTGGAGAAGTCTGTACGGGGCTC,0.765978368
GGAGCGGGTCAGTCTTCCCCTGG,TGAGGGAGCGGGTCAGTCTTCCCCTGGTTA,0.543756146
GGGTCACCACTCCTCCGGGACGG,TCCCGGGTCACCACTCCTCCGGGACGGACT,0.703048181
GGGAGCCAGCGGCGCTGGATGGG,GTGTGGGAGCCAGCGGCGCTGGATGGGTCA,0.447394297
GGAAAAAGAGGGCTGCGTCTGGG,AACTGGAAAAAGAGGGCTGCGTCTGGGATG,0.21927237
GGGTGGCGGACTGTGAAACAGGG,ATCCGGGTGGCGGACTGTGAAACAGGGTTA,0.823992134
GGTGGAGGATAACTGTGAGTAGG,TTTTGGTGGAGGATAACTGTGAGTAGGGGA,0.622418879
GGCTGTTTTTGTCTCGGTTGTGG,GCTCGGCTGTTTTTGTCTCGGTTGTGGATG,0.142576205
GGTTGATTGGTGGTAGCACTGGG,CACTGGTTGATTGGTGGTAGCACTGGGAGT,0.776794493
GGCCAGGTCACCACACTCAGCGG,ATACGGCCAGGTCACCACACTCAGCGGGGG,0.530973451
GGATATGGATGATGGTTAGAAGG,TATTGGATATGGATGATGGTTAGAAGGGGT,0.064896756
GGAGTTGCGGGTAGGTGGAGCGG,CAGTGGAGTTGCGGGTAGGTGGAGCGGACG,0.451327433
GGGCCAGGAAAGTATGGCTCTGG,GTCTGGGCCAGGAAAGTATGGCTCTGGTCC,0.163225173
GGCGGCGCTGTCGGGTCTTATGG,CTGGGGCGGCGCTGTCGGGTCTTATGGTGT,0.69813176
GGTGTCTGTAAACCTGCTGGTGG,GCTTGGTGTCTGTAAACCTGCTGGTGGTGT,0.08947886
GGTGGTGCTATGCTGTGTTGGGG,CTATGGTGGTGCTATGCTGTGTTGGGGCCA,0.684365782
GGGTCAGCAAGCCCGTCCCCTGG,GGCTGGGTCAGCAAGCCCGTCCCCTGGACA,0.571288103
GGTAGAAGACCAGGGATATGCGG,TGCTGGTAGAAGACCAGGGATATGCGGCTT,0.227138644
GGACAGTGAACACAACTTCTTGG,GGTCGGACAGTGAACACAACTTCTTGGATC,0.118977384
GGCCAGGCATGTTGGGACAGTGG,GGACGGCCAGGCATGTTGGGACAGTGGAGC,0.275319567
GGCTTTCTCCTGGAGTCCAAGGG,TCCAGGCTTTCTCCTGGAGTCCAAGGGGTG,0.225172075
GGTGCTGGTGTTATCAGGCAAGG,TTATGGTGCTGGTGTTATCAGGCAAGGCAA,0.504424779
GGGGTGGACGGGTGTGGAGAGGG,CCTTGGGGTGGACGGGTGTGGAGAGGGTGC,0.689282202
GGAGATGCCATTGGAGTGTTTGG,GGCAGGAGATGCCATTGGAGTGTTTGGGCA,0.104228122
GGCCCGAATCTCCGGTGTGATGG,ACAGGGCCCGAATCTCCGGTGTGATGGTGT,0.800393314
GGCCGTGAGTCGCGGATCTCGGG,CACCGGCCGTGAGTCGCGGATCTCGGGTCC,0.658800394
GGCTTTGGAGCGGGATCAATCGG,CAAGGGCTTTGGAGCGGGATCAATCGGGCT,0.343166175
GGAATTGGAGTCTGTCAGTTTGG,GATTGGAATTGGAGTCTGTCAGTTTGGACG,0.164208457
GGGAATCAAATCTGGCCTGATGG,GGATGGGAATCAAATCTGGCCTGATGGGAA,0.262536873
GGACGAAAACGCGGAGTGCGCGG,CTTTGGACGAAAACGCGGAGTGCGCGGAGA,0.633235005
GGACGCTAATGTTGGATCCCAGG,TTGAGGACGCTAATGTTGGATCCCAGGTCG,0.651917404
GGATCGCCGTATCTGCACCTGGG,TCCGGGATCGCCGTATCTGCACCTGGGTAA,0.844641101
GGCCCGCTGGGTCTGTCCAGTGG,TAGAGGCCCGCTGGGTCTGTCCAGTGGCCC,0.91740413
GGTTAAATCAGTGTTCATGCCGG,ACGCGGTTAAATCAGTGTTCATGCCGGACT,0.070796461
GGTAACGTGTTGCAATCGATGGG,ACGGGGTAACGTGTTGCAATCGATGGGGGC,0.958702065
GGGGAGGGGGACAGACTCTTTGG,GCCCGGGGAGGGGGACAGACTCTTTGGTTG,0.999016716
GGAGGTCTCGGCCTATGGTTCGG,CCATGGAGGTCTCGGCCTATGGTTCGGGCG,1
GGGTTCCCGGCCCCAGGCGGAGG,TCGAGGGTTCCCGGCCCCAGGCGGAGGTGG,0.430678466
GGGTCAGGGGGAGCGGTGGCCGG,GTGGGGGTCAGGGGGAGCGGTGGCCGGTGG,0.434611603
GGGCGGCATCGACACATCCCAGG,CAGCGGGCGGCATCGACACATCCCAGGTAT,0.094395281
GGCCCTCGGTCCGGCGATGAGGG,AGGCGGCCCTCGGTCCGGCGATGAGGGGTC,0.413962636
GGGTATGGTGGTGGGCATCGTGG,CCACGGGTATGGTGGTGGGCATCGTGGCAG,0.990167158
GGGCTGTTTCTCCTTCACTAGGG,CGCCGGGCTGTTTCTCCTTCACTAGGGCGC,0.236971485
GGCCCCTAGGGGGACCCGAGGGG,GCACGGCCCCTAGGGGGACCCGAGGGGAGA,0.475909538
GGCCTTCCTTCACTGGAGAGTGG,AGCAGGCCTTCCTTCACTGGAGAGTGGCGC,0.649950836
GGCTGAGCATCAGACTCTGCTGG,AGTTGGCTGAGCATCAGACTCTGCTGGTCC,0.061946903
GGAGCGGCAGGAGGGCAGGAGGG,TGAAGGAGCGGCAGGAGGGCAGGAGGGCAT,0.861356932
GGATTGGGGGTTGGGATTGAAGG,AGCTGGATTGGGGGTTGGGATTGAAGGCGA,0.599803343
GGGGAGAATCATAACTGGGACGG,CCGAGGGGAGAATCATAACTGGGACGGTTC,0.433628319
GGCTGGCGCGAGACACGGTGGGG,AATCGGCTGGCGCGAGACACGGTGGGGAGG,0.8633235
GGTGGAGTCGGCTCGAGTGGAGG,ACAAGGTGGAGTCGGCTCGAGTGGAGGCCT,0.794493609
GGAGACAGTATAAAGGAATTTGG,AAAGGGAGACAGTATAAAGGAATTTGGGCG,0.179941003
GGGTCAAGTGAAGCTCCAAGTGG,TCCGGGGTCAAGTGAAGCTCCAAGTGGCTC,0.093411996
GGCTGCACTGGCTGCTGCTGCGG,ATGCGGCTGCACTGGCTGCTGCTGCGGGAG,0.244837759
GGGGGTCCCTGAACGTCACCGGG,AGCAGGGGGTCCCTGAACGTCACCGGGCCC,0.155358899
GGTCTCCAGGTGGTGATCGCTGG,TCGTGGTCTCCAGGTGGTGATCGCTGGAGC,0.520157325
GGGCCCAGGTGGGACTCAGATGG,CTCTGGGCCCAGGTGGGACTCAGATGGCTT,0.511307768
GGAGCAGGGGGTGGTGGAGCGGG,TGAAGGAGCAGGGGGTGGTGGAGCGGGTGG,0.324483776
GGAGCTTCGTAAAATCGGTGTGG,GAGAGGAGCTTCGTAAAATCGGTGTGGTTC,0.221238939
GGTGGCAAGGTGACTGTATAGGG,GGCAGGTGGCAAGGTGACTGTATAGGGTTC,0.44346116
GGTTTTGTCTGAGGATGGGCTGG,CCAAGGTTTTGTCTGAGGATGGGCTGGGAG,0.315634219
GGTGGATATCGAAGGAGCTTCGG,GTGGGGTGGATATCGAAGGAGCTTCGGGAC,0.461160276
GGAGAGCAGTAAACCTCCTTTGG,GTCTGGAGAGCAGTAAACCTCCTTTGGGCA,0.210422813
GGCACAGACCAATGCAGCAGAGG,TGATGGCACAGACCAATGCAGCAGAGGGGG,0.150442478
GGCCGAGGAGGAGGACCTGAAGG,AGACGGCCGAGGAGGAGGACCTGAAGGAGA,0.246804327
GGCCCAGGAGCAGGAGAAGCTGG,GGAGGGCCCAGGAGCAGGAGAAGCTGGAGG,0.585054081
GGAGATCCAGAAAGACACGCTGG,GGTGGGAGATCCAGAAAGACACGCTGGACC,0.267453294
GGCTCGGGAGGGGTCTGTGGTGG,TCAGGGCTCGGGAGGGGTCTGTGGTGGGTT,0.432645034
GGACCATTGTGTGCTGCTGGTGG,AGAGGGACCATTGTGTGCTGCTGGTGGCGC,0.442477876
GGGAATCACTGACGGTTTCTTGG,ACGGGGGAATCACTGACGGTTTCTTGGAGC,0.495575222
GGTCATGTGTGTGTACTGATGGG,AGTTGGTCATGTGTGTGTACTGATGGGTTT,0.351032448
GGCTCCACCTGCTCACACTGAGG,CGCTGGCTCCACCTGCTCACACTGAGGCTG,0.209439529
GGGCAGTCTGTGCGCGGTGACGG,TATAGGGCAGTCTGTGCGCGGTGACGGCGC,0.997050148
GGTGGCGTCGAAGTGTGCGCCGG,CGTTGGTGGCGTCGAAGTGTGCGCCGGCCC,0.00688299
GGCCGTGGCGAGTCTGCTGCTGG,CTCTGGCCGTGGCGAGTCTGCTGCTGGAGT,0.168141593
GGTCCACGGCCATGTGCAGTGGG,TCGCGGTCCACGGCCATGTGCAGTGGGGTG,0.19567355
GGAGCCGCCGCAGTTCTCCAAGG,CCCCGGAGCCGCCGCAGTTCTCCAAGGCGC,0.030481809
GGGTGCTGAGCAAGAGCGTGCGG,ATGGGGGTGCTGAGCAAGAGCGTGCGGGAG,0.901671583
GGAAGCTGCTGGCGGTCATGGGG,GACAGGAAGCTGCTGGCGGTCATGGGGCTC,0.795476893
GGTGTCGACAGCCGAGGAGCTGG,GCGAGGTGTCGACAGCCGAGGAGCTGGGAG,0.282202556
GGAGATGGTGTGAGAGCAATGGG,TTTTGGAGATGGTGTGAGAGCAATGGGGGA,0.560471977
GGACTGTCTCTGAACGGCTGTGG,ACCTGGACTGTCTCTGAACGGCTGTGGAGA,0.676499508
GGCTGTGGTAACCGCTGCTTTGG,TGAGGGCTGTGGTAACCGCTGCTTTGGGGG,0.720747296
GGAGGCACCTGTGCATTGGAGGG,GAAGGGAGGCACCTGTGCATTGGAGGGATG,0.041297935
GGGAATTAGAAACCCTTCCTTGG,GGAAGGGAATTAGAAACCCTTCCTTGGTCT,0.014749263
GGATTGTTTACGATTACGAGAGG,GTCGGGATTGTTTACGATTACGAGAGGATG,0.187807276
GGTGAGTAGGGACTGATTAGGGG,GGCTGGTGAGTAGGGACTGATTAGGGGACA,0.648967552
GGGCGGAGCAATGAAACAAAGGG,GGAAGGGCGGAGCAATGAAACAAAGGGCAC,0.252704032
GGACTGACAATGGGGTTGTGCGG,TCGCGGACTGACAATGGGGTTGTGCGGTTG,0.694198623
GGTTGAACTGCAATTGCATGTGG,TTTGGGTTGAACTGCAATTGCATGTGGGCT,0.049164209
GGCTCAAGCGTATTGGTCCCTGG,ATCGGGCTCAAGCGTATTGGTCCCTGGGCA,0.381514258
GGAGTTGCTGGGACCACCTGAGG,AGATGGAGTTGCTGGGACCACCTGAGGAAA,0.729596854
GGTCTGTATCTGTGGAAGAGAGG,AAGAGGTCTGTATCTGTGGAAGAGAGGCTA,0.188790561
GGCTGTGCTTGAGCAAGTCTTGG,CTGAGGCTGTGCTTGAGCAAGTCTTGGACC,0.091445428
GGGATAACTGGGGGTTGACTGGG,ACTTGGGATAACTGGGGGTTGACTGGGGAG,0.744346116
GGCTGCATCAATTGAGATACTGG,TGGAGGCTGCATCAATTGAGATACTGGAAC,0.004916421
GGGGTAAAGACAGCACCTGTGGG,ACCTGGGGTAAAGACAGCACCTGTGGGCTA,0.595870207
GGAAATTGTTGTATTAGGAAAGG,CACCGGAAATTGTTGTATTAGGAAAGGCTG,0.079646018
GGCAAGGAGATAGAGTTTGCAGG,GGTAGGCAAGGAGATAGAGTTTGCAGGCAC,0.134709932
GGATTTCATCAGTCTTCCAGAGG,CACTGGATTTCATCAGTCTTCCAGAGGCCT,0.138643069
GGCTGGCACTGTTAGCACCAGGG,AGTCGGCTGGCACTGTTAGCACCAGGGCTC,0.930186824
GGACTCTCCTGTATCACTGGAGG,AGCAGGACTCTCCTGTATCACTGGAGGACA,0.767944936
GGGTGCCCAACTGCTCTCTGTGG,GGACGGGTGCCCAACTGCTCTCTGTGGCAC,0.781710914
GGCCCTTCACAGGAGCCATCAGG,TTGTGGCCCTTCACAGGAGCCATCAGGGGC,0.766961652
GGGGCTGGGGGGTCCACCATAGG,GTGAGGGGCTGGGGGGTCCACCATAGGGGG,0.995083579
GGTGCTTTGCGGGTCTGGGGTGG,GAGAGGTGCTTTGCGGGTCTGGGGTGGAAC,0.826941986
GGCATGAAGCGTAGTCTTGAGGG,ATTAGGCATGAAGCGTAGTCTTGAGGGAAC,0.092428712
GGAACTACTCGCCGTATTCCAGG,TCTAGGAACTACTCGCCGTATTCCAGGTTC,0.019665684
GGTAGATCCCCATCCTGGGCTGG,CAGAGGTAGATCCCCATCCTGGGCTGGAAG,0.597836775
GGTCACATGGTACACTCGCAGGG,CCCAGGTCACATGGTACACTCGCAGGGCAC,0.32546706
GGAGCTGAAGGAGCAGTAGGCGG,GGGAGGAGCTGAAGGAGCAGTAGGCGGAGC,0.422812193
GGATGTGATGGAGAGGGAGGTGG,GTGTGGATGTGATGGAGAGGGAGGTGGAGG,0.425762045
GGTGCGTTTGGACCAGGGGCCGG,GCGTGGTGCGTTTGGACCAGGGGCCGGGCG,0.417895772
GGCGCGGAAGCAGAACTCGTTGG,TCACGGCGCGGAAGCAGAACTCGTTGGATG,0.40314651
GGCTTTCAGAGCCCCGCCCATGG,GTCTGGCTTTCAGAGCCCCGCCCATGGGCG,0.717797444
GGCGTGGCTCTTTGAGTCCCAGG,AGGGGGCGTGGCTCTTTGAGTCCCAGGGCT,0.523107178
GGATTACAATCAGAGTTCTGCGG,CCTCGGATTACAATCAGAGTTCTGCGGAGA,0.146509342
GGTCTGACCGCACACCTGTGAGG,GACAGGTCTGACCGCACACCTGTGAGGACG,0.310717798
GGAAACAGCCATCAGAGCTGAGG,CAGAGGAAACAGCCATCAGAGCTGAGGCTT,0.213372666
GGCAGATGCCAACCCAGAGGAGG,TTTGGGCAGATGCCAACCCAGAGGAGGACT,0.608652901
GGGGTTGGATCATACTAGGACGG,ATCGGGGGTTGGATCATACTAGGACGGGGT,0.752212389
GGCTCTGAGTTAGAGGTGAGAGG,ATAGGGCTCTGAGTTAGAGGTGAGAGGCGG,0.476892823
GGGCTGCCTGGGGCTAAGCCTGG,TACGGGGCTGCCTGGGGCTAAGCCTGGGTG,0.311701082
GGGCCAACCATGTGAGACACCGG,GCTTGGGCCAACCATGTGAGACACCGGGTC,0.857423795
GGAGAAACTTGAAGTGTGGAGGG,GTAAGGAGAAACTTGAAGTGTGGAGGGCTG,0.367748279
GGTTCCGGATGAAGATGCAAAGG,GGGAGGTTCCGGATGAAGATGCAAAGGGTG,0.808259587
GGAGGGGTGTGCCAAGGGAAGGG,AGGTGGAGGGGTGTGCCAAGGGAAGGGTGT,0.956735496
GGTATGGTGGGATGACCAAAAGG,CTCTGGTATGGTGGGATGACCAAAAGGCCC,0.898721731
GGCTCCAAATGAGGCACATCAGG,ACTGGGCTCCAAATGAGGCACATCAGGAAG,0.456243854
GGAAAGAGTGCTTGAGAGGTTGG,GCCTGGAAAGAGTGCTTGAGAGGTTGGAGT,0.913470993
GGCTTTCCAAGGCACCGAGGAGG,TTATGGCTTTCCAAGGCACCGAGGAGGACC,0.565388398
GGATCTTTGGGGTCAACATCAGG,TGGAGGATCTTTGGGGTCAACATCAGGCCC,0.359882006
GGAGGACTTTGGTTTCGCCATGG,CTCTGGAGGACTTTGGTTTCGCCATGGGAG,0.04228122
GGAAACTGCCCTGGTTTTGTTGG,AGTTGGAAACTGCCCTGGTTTTGTTGGAAA,0.046214357
GGAAAAGAAACTGCGTAAGGAGG,AGCAGGAAAAGAAACTGCGTAAGGAGGAGG,0.394296952
GGTTCTGTTCAGCTTGATGGAGG,CGTTGGTTCTGTTCAGCTTGATGGAGGAGA,0.45526057
GGTCCAGAAAGATGGAGGAAAGG,CGGAGGTCCAGAAAGATGGAGGAAAGGGAG,0.380530974
GGAGAACACTCAGATGCTTGAGG,AGAGGGAGAACACTCAGATGCTTGAGGCTT,0.350049164
GGAGGAATCGGCAGTGTTTCAGG,GATTGGAGGAATCGGCAGTGTTTCAGGAGG,0.404129794
GGCGTTTGAGGACGGGATGCTGG,AACAGGCGTTTGAGGACGGGATGCTGGGTT,0.348082596
GGTTTGACCTCAACAAGACGAGG,CAGAGGTTTGACCTCAACAAGACGAGGAAG,0.271386431
GGCCAGCAGCCGGGAGAGCGAGG,TTGAGGCCAGCAGCCGGGAGAGCGAGGACA,0.438544739
GGGGAGGAGGAGAAACAGGCTGG,TGAAGGGGAGGAGGAGAAACAGGCTGGAGC,0.139626353
GGTGAGGGGACTCAGCTGGAAGG,GCAGGGTGAGGGGACTCAGCTGGAAGGATG,0.741396264
GGACCCGCACTCGCAATATCTGG,CACTGGACCCGCACTCGCAATATCTGGCTC,0.084562439
GGTGACCTCCTCTCAGTCCTTGG,TTCTGGTGACCTCCTCTCAGTCCTTGGCAC,0.647984268
GGGAACAATACGACGCGAGCTGG,GTAGGGGAACAATACGACGCGAGCTGGGAT,0.170108162
GGAGAAACCAGCATAGGTGGTGG,TGTGGGAGAAACCAGCATAGGTGGTGGAGT,0.693215339
GGGGTAGTAGGCTGGCTTTGTGG,AGAGGGGGTAGTAGGCTGGCTTTGTGGGGA,0.415929204
GGCATCCAACTTGCGTTTACTGG,GTGGGGCATCCAACTTGCGTTTACTGGGGC,0.283185841
GGTCTGTGGTGGGGGTCCCTGGG,TCACGGTCTGTGGTGGGGGTCCCTGGGATC,0.333333334
GGGAGGATTGCCCGAGAGAGGGG,TACTGGGAGGATTGCCCGAGAGAGGGGAAA,0.928220256
GGGCCTTCTTCAGATACATGCGG,CCGGGGGCCTTCTTCAGATACATGCGGCAG,0.748279253
GGATGGTTATAGTTATGCAGCGG,AATGGGATGGTTATAGTTATGCAGCGGAGC,0.021632252
GGGCTCGCCACAGGTCGATATGG,ACGAGGGCTCGCCACAGGTCGATATGGATC,0.583087512
GGGTTGTCCGAAATTCCGGGGGG,TCCCGGGTTGTCCGAAATTCCGGGGGGCCC,0.613569321
GGACAAGTTGGTTCTTACGCCGG,CGGAGGACAAGTTGGTTCTTACGCCGGTGG,0.369714847
GGAGGCGATGTCGTGAGTAACGG,GGCTGGAGGCGATGTCGTGAGTAACGGGAC,0.856440511
GGAAACAGAGACCCTGGGCTGGG,GTTAGGAAACAGAGACCCTGGGCTGGGACT,0.273352999
GGAACTGAGGAGCGCTATCAAGG,GACGGGAACTGAGGAGCGCTATCAAGGAGC,0.025565389
GGACATCCACCATTTCTTTTCGG,CGGAGGACATCCACCATTTCTTTTCGGACT,0.02359882
GGACACCGTGTTGGTGGTGGTGG,AGAAGGACACCGTGTTGGTGGTGGTGGCCA,0.940019665
GGCTGTCTGGAAGCACCGAGAGG,ATTTGGCTGTCTGGAAGCACCGAGAGGAAA,0.859390364
GGCACCTGCAACCGCGCAATCGG,TCCTGGCACCTGCAACCGCGCAATCGGGCT,0.137659784
GGAACATTTGTGGTCGGCAATGG,ATCTGGAACATTTGTGGTCGGCAATGGACA,0.702064896
GGTGTCTATGGCGGACCGAGGGG,GGTGGGTGTCTATGGCGGACCGAGGGGATG,0.889872173
GGAGCCCGGGGGGGCTGCGGGGG,CCAGGGAGCCCGGGGGGGCTGCGGGGGTGT,0.390363816
GGAACCAGTAGTAGAAAATGAGG,CTTAGGAACCAGTAGTAGAAAATGAGGAAA,0.313667651
GGCTTCAGCAGAGATTAAAGGGG,ATGTGGCTTCAGCAGAGATTAAAGGGGCTG,0.643067847
GGTCATGAAGATCCCTTCCAGGG,GCGAGGTCATGAAGATCCCTTCCAGGGTCC,0.534906588
GGCGACTGCGCATCAGGACTAGG,CTTAGGCGACTGCGCATCAGGACTAGGCAA,0.604719764
GGAGCAGATGTCTGTATATGAGG,GAGCGGAGCAGATGTCTGTATATGAGGCAG,0.735496559
GGATTGAGGTAAACCAGAGTTGG,CCTCGGATTGAGGTAAACCAGAGTTGGGAA,0.156342183
GGTGGGGAAGTCGAGCGGCACGG,CTGCGGTGGGGAAGTCGAGCGGCACGGAGA,0.690265487
GGAGCCAGATCACACAGCTCCGG,GCCTGGAGCCAGATCACACAGCTCCGGAGA,0.053097346
GGAGGATGGTCATGCGGTGACGG,TGACGGAGGATGGTCATGCGGTGACGGTCG,0.750245821
GGATCCGAGCCGGCCACCAAGGG,CTGAGGATCCGAGCCGGCCACCAAGGGAAG,0.873156342
GGCCTGAAGCGAAGGTTTCTTGG,CCGTGGCCTGAAGCGAAGGTTTCTTGGTTT,0.020648968
GGTACATCCCTTTCTTTTTGCGG,CGCCGGTACATCCCTTTCTTTTTGCGGTTG,0.487708948
GGCACCCTGTCCCAAGGCAGTGG,TGAAGGCACCCTGTCCCAAGGCAGTGGAGT,0.791543756
GGTGCCGCTCTCGAACACTATGG,TAATGGTGCCGCTCTCGAACACTATGGGAT,0.058997051
GGCAGGAACATTCGGACAGCAGG,CATTGGCAGGAACATTCGGACAGCAGGAGT,0.366764995
GGGTCATGATGGCCACCCTCTGG,CTTTGGGTCATGATGGCCACCCTCTGGTAA,0.883972468
GGTCCTAGAGCTGCCTTGCTTGG,AGTAGGTCCTAGAGCTGCCTTGCTTGGTGG,0.268436578
GGATCAGAGATCAAGTGTCTGGG,ATCTGGATCAGAGATCAAGTGTCTGGGAGC,0.393313668
GGTGTCCTCGGAGAGCAAAGAGG,TATTGGTGTCCTCGGAGAGCAAAGAGGCCA,0.627335301
GGAAAGCAGAGCAAGGCAAAAGG,GTAGGGAAAGCAGAGCAAGGCAAAAGGTTA,0.264503442
GGGACCCAGAGGAGGCAGAAAGG,GCATGGGACCCAGAGGAGGCAGAAAGGCTG,0.822025566
GGAGCATGGCTTCATAAGCAGGG,TAAAGGAGCATGGCTTCATAAGCAGGGACA,0.169124877
GGAGATGCACATGTGCACTGTGG,TAAAGGAGATGCACATGTGCACTGTGGACG,0.444444444
GGCAGTGACCCTGAGAGCGTGGG,CGGCGGCAGTGACCCTGAGAGCGTGGGTCT,0.778761062
GGCCAGTGGCTGCAGGGCTCCGG,GGCTGGCCAGTGGCTGCAGGGCTCCGGGCG,0.862340216
GGATCTTCTGTTGACCACCGTGG,GCGAGGATCTTCTGTTGACCACCGTGGACA,0.818092429
GGAGGACAACAGTGGCAGGGAGG,CAGAGGAGGACAACAGTGGCAGGGAGGGCA,0.786627335
GGCTGTACTGTCTTCAGGTTGGG,CACTGGCTGTACTGTCTTCAGGTTGGGAAA,0.759095379
GGAATTGCGAATTATAAAACTGG,GCTCGGAATTGCGAATTATAAAACTGGAGA,0.189773845
GGGCCTAGAGGATGGGCAGGAGG,GCCCGGGCCTAGAGGATGGGCAGGAGGACG,0.878072764
GGCATGTGCAGCCGTGGGTTGGG,CATTGGCATGTGCAGCCGTGGGTTGGGGTT,0.707964601
GGCGCGGGAGTATTTCTGCTGGG,GACTGGCGCGGGAGTATTTCTGCTGGGGCA,0.269419862
GGTGGTTGGGGCGGCTCTCAGGG,TTATGGTGGTTGGGGCGGCTCTCAGGGCCG,0.551622419
GGGCTCTGGTAGCTGCCCCATGG,CGAGGGGCTCTGGTAGCTGCCCCATGGTGA,0.486725664
GGCCAAAGGGGGCGCTGCGGTGG,AGCTGGCCAAAGGGGGCGCTGCGGTGGGGG,0.395280237
GGTGCTGACTGTGAGGGTGCTGG,TGCTGGTGCTGACTGTGAGGGTGCTGGAAG,0.424778761
GGCAACTTCTCCCCTCAGATTGG,CGGTGGCAACTTCTCCCCTCAGATTGGTCC,0.186823992
GGACATCAGCTTCTTCAACCCGG,ACGAGGACATCAGCTTCTTCAACCCGGCCG,0.739429695
GGTCAGGGAGGAGGAGGTGCTGG,AGCTGGTCAGGGAGGAGGAGGTGCTGGACT,0.224188791
GGGTCGTCTGAAGGGACCAATGG,GAGTGGGTCGTCTGAAGGGACCAATGGCAA,0.83972468
GGTGCTGTTTATGAAAGCGGCGG,CCGGGGTGCTGTTTATGAAAGCGGCGGGGC,0.405113078
GGCTAGACTCAAAACAAAGATGG,TGAGGGCTAGACTCAAAACAAAGATGGATT,0.494591937
GGAGGGTGCGTGTGTCTGTCAGG,TGAGGGAGGGTGCGTGTGTCTGTCAGGCAG,0.52605703
GGATTAGTGGACAGTCTTTTTGG,GGTGGGATTAGTGGACAGTCTTTTTGGCAC,0.491642085
GGGCCGTGTGGTGACATTGCCGG,TGGCGGGCCGTGTGGTGACATTGCCGGCTT,0.598820059
GGGGGAGCTGGAGATGGCCATGG,TAATGGGGGAGCTGGAGATGGCCATGGTCC,0.564405114
GGTGTTGCTGCACATATGCGAGG,AAACGGTGTTGCTGCACATATGCGAGGAGG,0.151425763
GGAAGGAGGAGTCTCTGGTAAGG,GATTGGAAGGAGGAGTCTCTGGTAAGGTAG,0.465093413
GGCATGTAAGACCCCCGAGCTGG,AAGTGGCATGTAAGACCCCCGAGCTGGTCT,0.322517208
GGTGGAGGTGGTGGAGTCGGTGG,AGAAGGTGGAGGTGGTGGAGTCGGTGGAGA,0.962635202
GGCATGGGCGGAGGTTCACTGGG,AGATGGCATGGGCGGAGGTTCACTGGGATC,0.832841691
GGATCTGAAGGTGGTGCTGGAGG,TCCAGGATCTGAAGGTGGTGCTGGAGGTCC,0.238938054
GGGGTGGTGGAGACAAAGCATGG,GGAAGGGGTGGTGGAGACAAAGCATGGGTC,0.56833825
GGGACCGCATGCGCCGCGTCAGG,ATCCGGGACCGCATGCGCCGCGTCAGGAGG,0.488692232
GGCGCCAAAACAGGAGCGTCAGG,AGGAGGCGCCAAAACAGGAGCGTCAGGACG,0.49754179
GGAGAAACCAGCAGAAGAGCTGG,TGGAGGAGAAACCAGCAGAAGAGCTGGAAG,0.036381514
GGTGATGTCCTGAATGACTTGGG,CGTTGGTGATGTCCTGAATGACTTGGGTGA,0.570304818
GGGCTTGATTGACAGCTGAGTGG,GAGTGGGCTTGATTGACAGCTGAGTGGGTG,0.881022616
GGTGTTTTGATGCAAGGGAATGG,TCGGGGTGTTTTGATGCAAGGGAATGGGGA,0.201573255
GGAGCTTCCACTTTCGGAGCTGG,TCAGGGAGCTTCCACTTTCGGAGCTGGAGG,0.109144543
GGTGGGATTGACATCTTGAATGG,GAGTGGTGGGATTGACATCTTGAATGGTGA,0.525073746
GGGATCTTGAATGGTGGGATTGG,GATTGGGATCTTGAATGGTGGGATTGGGAT,0.539823009
GGGATTTTGAACAGCAGAACTGG,GACTGGGATTTTGAACAGCAGAACTGGGAC,0.382497542
GGTGGGTTTGGATTCTTGAATGG,TAGTGGTGGGTTTGGATTCTTGAATGGTGG,0.472959686
GGATCTTGAATGGTGGGATCAGG,ACTGGGATCTTGAATGGTGGGATCAGGATC,0.378564406
GGTTCTGGAGTTGACGGATCTGG,AGCTGGTTCTGGAGTTGACGGATCTGGTGA,0.630285153
GGGAGAGGAGACCAAATCCGAGG,TGGAGGGAGAGGAGACCAAATCCGAGGAAG,0.541789578
GGAGGAACATCGCAAGAGCGAGG,CACCGGAGGAACATCGCAAGAGCGAGGGCT,0.122910521
GGCCACAATCACTCCATCTGGGG,CCACGGCCACAATCACTCCATCTGGGGTCA,0.688298918
GGAGGATCGTATTATCGTGGCGG,ACCAGGAGGATCGTATTATCGTGGCGGACT,0.130776795
GGCGTGGCCTTCAATCAGGAAGG,TCGTGGCGTGGCCTTCAATCAGGAAGGTCA,0.038348083
GGAACTTTCCTCAACAAGTATGG,TGACGGAACTTTCCTCAACAAGTATGGATT,0.059980335
GGATGTGGCCGTCAACTTCGAGG,CATGGGATGTGGCCGTCAACTTCGAGGGGA,0.097345133
GGGCAGTTTCTTCTCAAGTTCGG,CGATGGGCAGTTTCTTCTCAAGTTCGGTGA,0.043264504
GGGTCGCCTGTGACAGCCAGAGG,GCCGGGGTCGCCTGTGACAGCCAGAGGAGA,0.773844641
GGCACATTCCACCACAAGTTTGG,TTGTGGCACATTCCACCACAAGTTTGGCAC,0.216322518
GGATAAGGAGGGCTATGTGGTGG,GCGTGGATAAGGAGGGCTATGTGGTGGTCG,0.673549656
GGAAAACAAATAGATGTCAATGG,ATCTGGAAAACAAATAGATGTCAATGGCAC,0.754178958
GGAGGTGGAAGTGCAGGACAAGG,TGGGGGAGGTGGAAGTGCAGGACAAGGAGG,0.871189773
GGAGGTGCATATGACATGATGGG,TGGCGGAGGTGCATATGACATGATGGGTCA,0.92920354
GGAGTTCATGAGATTTTAAGGGG,GATGGGAGTTCATGAGATTTTAAGGGGTCA,0.642084563
GGCCTTGGGATGGGCAGCACGGG,CCCAGGCCTTGGGATGGGCAGCACGGGACA,0.853490659
GGCAATGTGGGTGTTGGTAGTGG,GATGGGCAATGTGGGTGTTGGTAGTGGTCC,0.500491642
GGTCTAGAGGAGCAAAAGATTGG,TTTAGGTCTAGAGGAGCAAAAGATTGGGGA,0.220255655
GGGATGGGTATCCTGAGGGGTGG,CTAAGGGATGGGTATCCTGAGGGGTGGCAA,0.967551623
GGCCTGGGGGAGAAAGTAGAAGG,TTGGGGCCTGGGGGAGAAAGTAGAAGGGGA,0.699115044
GGTGAATCTGATCCAATGAAAGG,CCATGGTGAATCTGATCCAATGAAAGGAGT,0.696165192
GGAGTAGCTCCTGTATTCCAGGG,TGCAGGAGTAGCTCCTGTATTCCAGGGAGT,0.529990167
GGAATGACACCTGGAGCTGCAGG,AAGTGGAATGACACCTGGAGCTGCAGGCTT,0.098328417
GGTTATATCACTCTTCATTTTGG,ACCAGGTTATATCACTCTTCATTTTGGTCT,0.208456245
GGAGAGGTTGGAGAGTAGTTGGG,AGCAGGAGAGGTTGGAGAGTAGTTGGGAGA,0.979351033
GGATACACCCCACAGAGCCCTGG,TGGTGGATACACCCCACAGAGCCCTGGTTA,0.175024582
GGAGAATAAGATGGTGAAGTTGG,GGTGGGAGAATAAGATGGTGAAGTTGGAGA,0.440511308
GGTGATGTAGGAGAGTAGGACGG,GGAAGGTGATGTAGGAGAGTAGGACGGAGA,0.5093412
GGAGAGTAGCTTGGAGATGTTGG,AGTCGGAGAGTAGCTTGGAGATGTTGGAGA,0.636184858
GGTGAAGTTGGCGAATAGGATGG,GGATGGTGAAGTTGGCGAATAGGATGGTGA,0.852507374
GGTGTTGAATATGGAGCATGTGG,AGAGGGTGTTGAATATGGAGCATGTGGATG,0.870206489
GGCTGTATGGTAGCTGGATGCGG,GTTGGGCTGTATGGTAGCTGGATGCGGCCT,0.555555556
GGGTTAATCTCAGGAGTCTCTGG,AAGCGGGTTAATCTCAGGAGTCTCTGGACT,0
GGAATGAGCTGCAAGATGTTGGG,GAAGGGAATGAGCTGCAAGATGTTGGGCAG,0.411012783
GGCAGCACTGTAGCAGCAGTAGG,TGTGGGCAGCACTGTAGCAGCAGTAGGCGA,0.588987217
GGACTGGAGAGGAGGGATGTGGG,GCCAGGACTGGAGAGGAGGGATGTGGGGAA,0.68633235
GGGGCATCTGATTCAGGAGATGG,TTTAGGGGCATCTGATTCAGGAGATGGTGG,0.416912488
GGTCACCAGCAGGTGGCTGAGGG,TCGTGGTCACCAGCAGGTGGCTGAGGGGAT,0.258603737
GGCAGGAGAGACTGGGAAAGTGG,AGCAGGCAGGAGAGACTGGGAAAGTGGGAG,0.288102261
GGAGGAGATGTTGGCAATGAGGG,GGTTGGAGGAGATGTTGGCAATGAGGGAAG,0.708947887
GGGGCTTGGAGAGGAACTGCTGG,GAATGGGGCTTGGAGAGGAACTGCTGGACG,0.056047198
GGTGGTGAGGACACATATGGTGG,TAGAGGTGGTGAGGACACATATGGTGGGCT,0.454277286
GGGAACTTTCTTGGGAATGGCGG,TGTTGGGAACTTTCTTGGGAATGGCGGTAA,0.73352999
GGTGTAGCTGAAGCTCTGGGTGG,GTCTGGTGTAGCTGAAGCTCTGGGTGGAGA,0.265486726
GGAGGTGGAGACATTGGACTGGG,CAGAGGAGGTGGAGACATTGGACTGGGTGT,0.803343167
GGAGAATGCGGAGTCATACTGGG,ACTTGGAGAATGCGGAGTCATACTGGGATA,0.071779745
GGAGCACTCATCTGCAAGTTTGG,TTTGGGAGCACTCATCTGCAAGTTTGGATT,0.677482793
GGATGGTACCATGATAAGTTGGG,GGGTGGATGGTACCATGATAAGTTGGGGAA,0.29695182
GGGGTTGTTGGTATCACATTTGG,AATTGGGGTTGTTGGTATCACATTTGGCAT,0.661750246
GGTCATGCAGTCCCGAGACATGG,AACAGGTCATGCAGTCCCGAGACATGGCAG,0.824975418
GGTGAATGCCCCGGTGGCAGCGG,GTCCGGTGAATGCCCCGGTGGCAGCGGTGG,0.174041298
GGGCAAACCCGGTGACAGTCTGG,GTTCGGGCAAACCCGGTGACAGTCTGGTCA,0.143559489
GGCATAGTAAGCCACCTGTTTGG,GCTGGGCATAGTAAGCCACCTGTTTGGGAT,0.777777778
GGAGGAGGGATTTACAGTAAAGG,AGGAGGAGGAGGGATTTACAGTAAAGGTGA,0.3913471
GGGGGCTACAGGGGGCCCCGCGG,GTGTGGGGGCTACAGGGGGCCCCGCGGAAG,0.339233039
GGCCCTGAAAGTGGCAACGGGGG,CTTGGGCCCTGAAAGTGGCAACGGGGGTCT,0.607669616
GGAGCCTGTGATCTCAAAGACGG,CAGGGGAGCCTGTGATCTCAAAGACGGGGT,0.034414946
GGTTTGGTGGTCGGACCCAAAGG,TGTGGGTTTGGTGGTCGGACCCAAAGGCTC,0.876106195
GGCCACATCCTCTTTGCGCCCGG,CCAGGGCCACATCCTCTTTGCGCCCGGTGA,0.058013767
GGCTAGAGCTGAACACTGGTGGG,CTGAGGCTAGAGCTGAACACTGGTGGGAGT,0.2546706
GGTAAGAGGCACTGCGGCGGTGG,AAGAGGTAAGAGGCACTGCGGCGGTGGCTG,0.114060964
GGAAGAAGAAACTGTGGAGGGGG,ATGAGGAAGAAGAAACTGTGGAGGGGGTGG,0.691248771
GGACTGTCGGATGACCTTTGCGG,GACAGGACTGTCGGATGACCTTTGCGGGGA,0.845624385
GGATCGGCAGAGGATGGCGGAGG,GTGGGGATCGGCAGAGGATGGCGGAGGTAC,0.665683383
GGGCTTCTCAAGCAGGTATGAGG,TCAGGGGCTTCTCAAGCAGGTATGAGGTAG,0.015732547
GGCTGTTGCTGGTGTGTAGGTGG,GGAAGGCTGTTGCTGGTGTGTAGGTGGGGA,0.274336283
GGTCGTTACCTACTGCCATGGGG,CCAGGGTCGTTACCTACTGCCATGGGGATG,0.248770895
GGTGCCACCCCTTTTCCCATGGG,CCACGGTGCCACCCCTTTTCCCATGGGTAT,0.314650935
GGTCCCATGCTACACATCATAGG,GGTAGGTCCCATGCTACACATCATAGGGCT,0.234021633
GGCTTTTGGGCTTGAACTCTGGG,AGTAGGCTTTTGGGCTTGAACTCTGGGAAG,0.353982301
GGCTACTGATATGCATCCTAAGG,CTTTGGCTACTGATATGCATCCTAAGGGTA,0.18387414
GGTTCAGGATACCCATGGCTGGG,GTCTGGTTCAGGATACCCATGGCTGGGTCT,0.289085546
GGCTTAGGAGCCACAGGTGGTGG,TCGTGGCTTAGGAGCCACAGGTGGTGGGAC,0.981317601
GGTGGAGGAGCCCGAACATTAGG,TATGGGTGGAGGAGCCCGAACATTAGGGGA,0.79941003
GGCCCTCCCTCTGCTGCCTCTGG,GTGTGGCCCTCCCTCTGCTGCCTCTGGTAG,0.384464111
GGATGCTTGGAGAAGAGCTGCGG,CTAGGGATGCTTGGAGAAGAGCTGCGGTTG,0.587020649
GGACAGTGAAGGTGCGCCTGAGG,GAGAGGACAGTGAAGGTGCGCCTGAGGTGG,0.953785644
GGTTGAGGCATGCCTTGCAATGG,AGGCGGTTGAGGCATGCCTTGCAATGGGGA,0.385447395
GGGTGGCCCATGGGTGGCATGGG,CAGAGGGTGGCCCATGGGTGGCATGGGACC,0.397246805
GGAACCTGAGACTGAGCCATTGG,AGGGGGAACCTGAGACTGAGCCATTGGGAA,0.904621436
GGGAGAGGCTGCTCTCTGGGAGG,GGGTGGGAGAGGCTGCTCTCTGGGAGGCTG,0.924287119
GGAAGGCATCTGCGGGAATGGGG,GGTTGGAAGGCATCTGCGGGAATGGGGGGT,0.887905605
GGTGGCGGGTGGGCAGAGGGAGG,AAGGGGTGGCGGGTGGGCAGAGGGAGGGTG,0.978367749
GGTGCTTGACTTCCTGTTGCCGG,TGGCGGTGCTTGACTTCCTGTTGCCGGAAG,0.645034415
GGTGGTGGCGGAGTCCTCCCAGG,TGAGGGTGGTGGCGGAGTCCTCCCAGGCCG,0.89380531
GGCATTGAGTGTAGTCGTCGCGG,GACTGGCATTGAGTGTAGTCGTCGCGGGTG,0.085545723
GGTGGTGGGGGGAGTGATCGTGG,TCCTGGTGGTGGGGGGAGTGATCGTGGCCA,0.34906588
GGAGGGAGGCTGGGGCAGAATGG,CAACGGAGGGAGGCTGGGGCAGAATGGGGT,0.655850541
GGTCACCATGCGGGACGAAGTGG,CTACGGTCACCATGCGGGACGAAGTGGTCA,0.090462144
GGCATCTGCTGACCCTGAGGAGG,AAGTGGCATCTGCTGACCCTGAGGAGGAAG,0.245821043
GGAGCTTCGGGGCCAGAGCAAGG,CGCTGGAGCTTCGGGGCCAGAGCAAGGACC,0.062930188
GGACCTGCCGGGGACACAGCAGG,AGCAGGACCTGCCGGGGACACAGCAGGAGC,0.567354966
GGAATGGCTCCTCTTGGGTTTGG,CAAAGGAATGGCTCCTCTTGGGTTTGGAGT,0.453294002
GGACGATCGAGAGCCCCGAGTGG,AAGGGGACGATCGAGAGCCCCGAGTGGGTT,0.460176992
GGTAGGATGGTGGCAGACACAGG,GCTGGGTAGGATGGTGGCAGACACAGGCTG,0.894788594
GGGCAGCATCCCTCAATAGCAGG,TCCAGGGCAGCATCCCTCAATAGCAGGCGG,0.42674533
GGGTCAAGAGGTGATGGTGTGGG,GCGGGGGTCAAGAGGTGATGGTGTGGGCGA,0.838741396
GGTTTGGAGGGACTGTCTTGAGG,TTGAGGTTTGGAGGGACTGTCTTGAGGGTG,0.471976402
GGCGGTGGTGGGAGCCCTATGGG,AGGTGGCGGTGGTGGGAGCCCTATGGGAAG,0.965585055
GGGCTCAGAGCTGGTGCAGATGG,GCAGGGGCTCAGAGCTGGTGCAGATGGGAA,0.279252704
GGTGGATGGGACAGGGAAGCAGG,CTGTGGTGGATGGGACAGGGAAGCAGGGCG,0.63421829
GGGCTCCACCGCAGACAAGCGGG,AGCTGGGCTCCACCGCAGACAAGCGGGCTG,0.624385447
GGACGACAGAGGAGGAGGTTGGG,GTACGGACGACAGAGGAGGAGGTTGGGCGA,0.601769911
GGCGCTTTTGAGCCATCAGGAGG,CCCTGGCGCTTTTGAGCCATCAGGAGGAGG,0.775811209
GGCATTTGTTGTGCCACTGTAGG,TGTAGGCATTTGTTGTGCCACTGTAGGGCT,0.62045231
GGTGGGCAACAACCAGGTTTGGG,ACCAGGTGGGCAACAACCAGGTTTGGGGTG,0.657817109
GGAGCAAGGGTGGGCTGAGGCGG,TGCTGGAGCAAGGGTGGGCTGAGGCGGCGG,0.623402163
GGTGTTGGTGGTTGCATGCGCGG,GTAGGGTGTTGGTGGTTGCATGCGCGGGGA,0.421828909
GGTGCTGCTGGTATTAGTGATGG,GTAAGGTGCTGCTGGTATTAGTGATGGTGT,0.401179941
GGAACTGGATTCTGTGCTGGGGG,AAGAGGAACTGGATTCTGTGCTGGGGGGAA,0.396263521
GGCAGCATCGAGGGGCCTGAAGG,TGGGGGCAGCATCGAGGGGCCTGAAGGAGA,0.467059981
GGTGCTGCAATCTCTGTGACAGG,AGTGGGTGCTGCAATCTCTGTGACAGGCTT,0.27826942
GGCTGCAGATGAAGGTGGAGGGG,CAGTGGCTGCAGATGAAGGTGGAGGGGTCG,0.449360865
GGCGCTGTGGAGCTATGGCTGGG,AGGTGGCGCTGTGGAGCTATGGCTGGGCTG,0.584070797
GGGCTCCCTTGAGGAGGGTGAGG,GTTTGGGCTCCCTTGAGGAGGGTGAGGATG,0.807276303
GGTCTGTAAGTGAAAGAGGAAGG,GCCGGGTCTGTAAGTGAAAGAGGAAGGTTA,0.192723697
GGCACCTCCAGAAGCAGAGGCGG,CAAAGGCACCTCCAGAAGCAGAGGCGGGTC,0.503441495
GGCGGAGAGGAGTCCGGTTTGGG,ACCTGGCGGAGAGGAGTCCGGTTTGGGTGC,0.892822026
GGAGGACGCGCTGCTTTGAGTGG,TTGTGGAGGACGCGCTGCTTTGAGTGGGCT,0.761061947
GGCGTGGAGGAGGTCTAGATTGG,TTTGGGCGTGGAGGAGGTCTAGATTGGGGA,0.374631268
GGAGTCACACCCGCCGGCATCGG,ATCAGGAGTCACACCCGCCGGCATCGGAGA,0.774827925
GGAGAGCTGACGCAGGCAGATGG,AATAGGAGAGCTGACGCAGGCAGATGGGGT,0.837758112
GGTCAGAGCCCTGCAGGCCATGG,AGCTGGTCAGAGCCCTGCAGGCCATGGGCT,0.344149459
GGCTCACACGATGCAGTGGACGG,CCCTGGCTCACACGATGCAGTGGACGGAGC,0.756145526
GGCCTCCACGAAGACCCTACAGG,CGTGGGCCTCCACGAAGACCCTACAGGACC,0.531956735
GGCGGTAAAGGTTCTGGAGCAGG,GGTAGGCGGTAAAGGTTCTGGAGCAGGGCC,0.144542774
GGAAGAGGAGGTAATAATGGTGG,ACGAGGAAGAGGAGGTAATAATGGTGGTCC,0.493608653
GGTGAGCTACTGCAGTCCATGGG,GTCAGGTGAGCTACTGCAGTCCATGGGCTC,0.501474926
GGAGGACTCAGGCCTGGTTCTGG,CGGTGGAGGACTCAGGCCTGGTTCTGGACT,0.666666667
GGTAACTGTCGTCCTAGTTCAGG,GAAGGGTAACTGTCGTCCTAGTTCAGGGGT,0.198623402
GGGGTCTGGAGGTGGTGGAAGGG,CAGAGGGGTCTGGAGGTGGTGGAAGGGTAA,0.81120944
GGGTCAACCCATTCTCTCTTCGG,GCAAGGGTCAACCCATTCTCTCTTCGGCAA,0.032448378
GGCGAGCTTCTCCTTCGATATGG,GCATGGCGAGCTTCTCCTTCGATATGGGCT,0.280235988
GGCACTGGTAGCCCATTTGGCGG,AAGCGGCACTGGTAGCCCATTTGGCGGCAG,0.470993118
GGTAGATTGTGGACTGCTGCGGG,TACAGGTAGATTGTGGACTGCTGCGGGTTG,0.153392331
GGCAGTCCCTGCATTGGGTGAGG,CTGCGGCAGTCCCTGCATTGGGTGAGGGTG,0.829891839
GGTGGCACCAGTGTGCTGAGCGG,CAGCGGTGGCACCAGTGTGCTGAGCGGCAT,0.874139626
GGATCATATGGTGCAATGGTGGG,CCGAGGATCATATGGTGCAATGGTGGGACT,0.546705999
GGAGATCCTTGAGGAACAAGTGG,AGGGGGAGATCCTTGAGGAACAAGTGGCTC,0.588003933
GGCTGTAATCGGGGGTCAGCAGG,TTGAGGCTGTAATCGGGGGTCAGCAGGGGT,0.323500492
GGCTTTTCAGATGAGACGGACGG,AATGGGCTTTTCAGATGAGACGGACGGAGG,0.973451328
GGAGGAGGAACAACAGTAGGTGG,AGCAGGAGGAGGAACAACAGTAGGTGGGAG,0.879056048
GGGTCAATGGTAGTGACTGGTGG,GCGGGGGTCAATGGTAGTGACTGGTGGGAT,0.798426746
GGGAGGATGTTGCTCCATGGAGG,TGTGGGGAGGATGTTGCTCCATGGAGGCTG,0.974434612
GGAGTTGGTTTATCGGTAGGTGG,AGATGGAGTTGGTTTATCGGTAGGTGGCTT,0.840707965
GGTGAGCTGCTCCCTCTGGAAGG,CCCTGGTGAGCTGCTCCCTCTGGAAGGTGC,0.10619469
GGCCCTGCTGACGTTGTTGCTGG,CAGGGGCCCTGCTGACGTTGTTGCTGGGGT,0.23107178
GGCAGTGGCAGAGCAGAGGCAGG,GTCAGGCAGTGGCAGAGCAGAGGCAGGACC,0.640117995
GGAGGACCCACAGTAGGATGTGG,AGATGGAGGACCCACAGTAGGATGTGGGCA,0.466076697
GGCTCTACCTCTGTGTGTGAAGG,CATGGGCTCTACCTCTGTGTGTGAAGGACA,0.593903638
GGGCCGGTTCTGGTGCAGGCTGG,CGCTGGGCCGGTTCTGGTGCAGGCTGGCAG,0.825958702
GGGCTGCGTTTGGGTTTAGGGGG,ATTAGGGCTGCGTTTGGGTTTAGGGGGTGG,0.969518191
GGGTACAGAGATCTCCTCATAGG,GGGAGGGTACAGAGATCTCCTCATAGGAAC,0.909537857
GGAGGATGTGTATATTGAGATGG,ATGAGGAGGATGTGTATATTGAGATGGTAG,0.194690266
GGAGTGGGATTGACGGCTTCAGG,TAGTGGAGTGGGATTGACGGCTTCAGGCTT,0.47394297
GGAAAGCAGCAGGGCAAGGATGG,TGGAGGAAAGCAGCAGGGCAAGGATGGGAT,0.080629302
GGACGGTGTGGAAGGAGGTTGGG,TGGTGGACGGTGTGGAAGGAGGTTGGGGAA,0.408062931
GGAGAGCAGGTCACAGGAGATGG,TGCAGGAGAGCAGGTCACAGGAGATGGAGG,0.738446411
GGCAACTTTTTCACCTCAAGAGG,CACTGGCAACTTTTTCACCTCAAGAGGGGT,0
GGGTGTACTGGGGGGACAGTGGG,TGTCGGGTGTACTGGGGGGACAGTGGGCTG,0.993117011
GGCATCAGGATGGAAAGACTTGG,GTCTGGCATCAGGATGGAAAGACTTGGGGA,0.370698132
GGTTGAACAACAACAGGAGCTGG,GTCAGGTTGAACAACAACAGGAGCTGGATC,0.705998033
GGGGCTCCATAGGTGGAGGCGGG,ATATGGGGCTCCATAGGTGGAGGCGGGACC,0.831858407
GGATGATGATTACCTTGAGCGGG,AAGAGGATGATGATTACCTTGAGCGGGATT,0.180924287
GGAGGCATGTTCTGAATGACTGG,AGATGGAGGCATGTTCTGAATGACTGGAAG,0.028515241
GGGAGGTGGATTGGTAGCCTTGG,GATGGGGAGGTGGATTGGTAGCCTTGGCGT,0.276302852
GGTCCACGGCGTAGTGGAGATGG,CTGTGGTCCACGGCGTAGTGGAGATGGAGG,0.849557522
GGTGCGGACGATCTGTGCCTTGG,GGTTGGTGCGGACGATCTGTGCCTTGGCTG,0.610619469
GGGAGACATGGATGAACTTGGGG,GCCCGGGAGACATGGATGAACTTGGGGATG,0.984267453
GGGAGTGGGCCTGTAAGCAGAGG,CTCCGGGAGTGGGCCTGTAAGCAGAGGAGG,0.94591937
GGCTGGACATGACTCCTGCGGGG,GCCAGGCTGGACATGACTCCTGCGGGGCCG,0.1366765
GGGGATGAAGGGGTTGTGGTTGG,AGGTGGGGATGAAGGGGTTGTGGTTGGTGC,0.903638152
GGACAGGGACCCACGAGAGCGGG,TCGGGGACAGGGACCCACGAGAGCGGGGAC,0.309734514
GGACCCGCTGTTCTACGGGAAGG,AGCAGGACCCGCTGTTCTACGGGAAGGGCT,0.229105212
GGTGTCCCGCTGGGGTTCGGCGG,GATCGGTGTCCCGCTGGGGTTCGGCGGACC,0.326450345
GGCGTCACAGCGCATGCAGGTGG,TGCAGGCGTCACAGCGCATGCAGGTGGCAG,0.335299902
GGCAGCACAGCCTACGGTGGCGG,CACGGGCAGCACAGCCTACGGTGGCGGCTG,0.942969518
GGGTTTGCTGCCCGCACTGCTGG,CTGTGGGTTTGCTGCCCGCACTGCTGGCTC,0.300884956
GGAACTCGTCCACAGACACCAGG,TTCAGGAACTCGTCCACAGACACCAGGCTG,0.358898722
GGGTCTTCAATGCCGAGAAGGGG,AAGGGGGTCTTCAATGCCGAGAAGGGGTCG,0.281219272
GGCGTTAGAGGGTTTTCCAATGG,AAGAGGCGTTAGAGGGTTTTCCAATGGCGA,0.398230089
GGAGGAAGCAGCTTTGGTGGAGG,GCATGGAGGAAGCAGCTTTGGTGGAGGGAA,0.439528024
GGCCATAGTGGAACACACAGTGG,TCACGGCCATAGTGGAACACACAGTGGAAA,0.550639135
GGGGGTGAAGCAGCATCCTCGGG,AACTGGGGGTGAAGCAGCATCCTCGGGCAT,0.576204523
GGAGCTGGTGTACCACTGGAGGG,GACCGGAGCTGGTGTACCACTGGAGGGCCA,0.478859391
GGACATACCGATGGCCAGCAAGG,ATCAGGACATACCGATGGCCAGCAAGGTGC,0.429695182
GGCTCAGATCAAGGTAAGGATGG,TGGTGGCTCAGATCAAGGTAAGGATGGAAC,0
GGAGAACATGTATCGTACTATGG,TGAAGGAGAACATGTATCGTACTATGGTAC,0.121927237
GGTACTTGAGAGAGCCAGACTGG,AGGTGGTACTTGAGAGAGCCAGACTGGGTG,0.572271387
GGCTAGGCGATGGAGAGTTTGGG,GGTAGGCTAGGCGATGGAGAGTTTGGGGAG,0.199606686
GGAAGGGAGACGGCGTTTTTTGG,ACATGGAAGGGAGACGGCGTTTTTTGGCAC,0.368731563
GGCCTGTCAGAGAAGAAGGAGGG,TATAGGCCTGTCAGAGAAGAAGGAGGGCTC,0.140609637
GGTGTCAGCGAATGGCTTTCAGG,GTATGGTGTCAGCGAATGGCTTTCAGGACA,0.010816126
GGAGTGAGCCAGTCTGGAAGTGG,AGGAGGAGTGAGCCAGTCTGGAAGTGGACC,0.448377581
GGCCATCAGTTCAACAGAAGAGG,GCATGGCCATCAGTTCAACAGAAGAGGTTC,0.095378565
GGAAGACGAGGAGATTGATGAGG,ATGAGGAAGACGAGGAGATTGATGAGGAGG,0.012782695
GGTGCTGATGATGGAGGCTGAGG,CTGTGGTGCTGATGATGGAGGCTGAGGGAC,0.409046215
GGACAAAGAAGGGGAGAAACTGG,GTGGGGACAAAGAAGGGGAGAAACTGGGAG,0.082595871
GGTGTGGAACGTCCGTGTTATGG,CTAAGGTGTGGAACGTCCGTGTTATGGCAG,0.205506391
GGAGGGTCAATCCTAGGCTTGGG,AGGTGGAGGGTCAATCCTAGGCTTGGGATC,0.055063914
GGCAATCTCCGTAAAGACACTGG,GCCTGGCAATCTCCGTAAAGACACTGGCTA,0.081612586
GGCTATCTTGGAGTAGGTCGTGG,CGGCGGCTATCTTGGAGTAGGTCGTGGGTT,0.045231073
GGCAGAAATGTGCTCTTGCATGG,CCCTGGCAGAAATGTGCTCTTGCATGGAGG,0.05408063
GGGATCTGCCGAAGCAGCAGAGG,GACGGGGATCTGCCGAAGCAGCAGAGGATG,0.553588988
GGAACTGGCTAATGTGGAGCAGG,ATGGGGAACTGGCTAATGTGGAGCAGGTGG,0.71681416
GGACATGGTTGAAACTCTCCAGG,GCTGGGACATGGTTGAAACTCTCCAGGCCT,0.132743364
GGGTGGAGATATGCGTTCTTGGG,GGCTGGGTGGAGATATGCGTTCTTGGGAAG,0.569321534
GGCAGGCAGCTTACACCCCGTGG,CGGTGGCAGGCAGCTTACACCCCGTGGCAG,0.764011799
GGACAGCATGGCGGTGAGTCAGG,AGGTGGACAGCATGGCGGTGAGTCAGGCTA,0.60373648
GGTAGGACGCAAGGACGCCGAGG,CTTTGGTAGGACGCAAGGACGCCGAGGTTG,0.961651918
GGACGGGATTCGGGACTTCGTGG,TGGCGGACGGGATTCGGGACTTCGTGGTGT,0.552605704
GGAAAGAGGGATGGAGGTGAAGG,AGGAGGAAAGAGGGATGGAGGTGAAGGAGG,0.522123894
GGAAACCCTAGGAGAACATTGGG,CTCCGGAAACCCTAGGAGAACATTGGGGCT,0.21435595
GGTTTGGGAGACCATGTCGTCGG,CGTCGGTTTGGGAGACCATGTCGTCGGCGA,0.867256637
GGATTTCGACGGCAACTCTGAGG,ATCGGGATTTCGACGGCAACTCTGAGGATT,0.828908555
GGTTCTTGGGCATTGGAGGATGG,TGCAGGTTCTTGGGCATTGGAGGATGGGCG,0.108161259
GGTGCTGTAGTCGCCCTTAAAGG,TCTTGGTGCTGTAGTCGCCCTTAAAGGTGC,0.427728614
GGTGGCCGCCATCGCACTGCTGG,TGCTGGTGGCCGCCATCGCACTGCTGGTCT,0.069813177
GGGATCTCACGCTCATCAAAGGG,CGCTGGGATCTCACGCTCATCAAAGGGGAT,0.158308752
GGGAGAGTGTGTCAGTGCTCTGG,GAAGGGGAGAGTGTGTCAGTGCTCTGGTGG,0.37954769
GGTGCTCAGGTAAGGAACAAAGG,TGCAGGTGCTCAGGTAAGGAACAAAGGGGA,0.459193708
GGTGGGAGTGGGATTGGCTTTGG,AGTGGGTGGGAGTGGGATTGGCTTTGGGGC,0.363815143
GGGCGCCTATGCACTAGAGCAGG,CAGAGGGCGCCTATGCACTAGAGCAGGGTG,0.847590954
GGACCTGAGAGAAGTGGCCCGGG,CTCTGGACCTGAGAGAAGTGGCCCGGGTCA,0.561455261
GGGGAGATTCTGATTGGCTGAGG,CTTCGGGGAGATTCTGATTGGCTGAGGGCC,0.096361849
GGGGCGAAGGCGGCACAGTTCGG,CGCAGGGGCGAAGGCGGCACAGTTCGGAGA,0.712881023
GGAGATGCAAAGATGCTGCATGG,GCTCGGAGATGCAAAGATGCTGCATGGTTC,0.048180925
GGGGATTCCATGGAGCAACGAGG,TTAGGGGGATTCCATGGAGCAACGAGGGAG,0.068829892
GGAGCAACACATCCGGTAGCAGG,GAGAGGAGCAACACATCCGGTAGCAGGGCT,0.033431662
GGAGGACTCATGGGATCAGCTGG,ACTAGGAGGACTCATGGGATCAGCTGGAGA,0.512291052
GGCCTTGAGGGAATCGGGCGAGG,ACGAGGCCTTGAGGGAATCGGGCGAGGCTT,0.529006883
GGCGGAGTACGACGACTACATGG,AGCAGGCGGAGTACGACGACTACATGGATA,0.040314651
GGGTGGACGTCCAGAGACGCAGG,ACAGGGGTGGACGTCCAGAGACGCAGGGTG,0.334316618
GGAGAGCTGCACGGGCCCCGAGG,GGCCGGAGAGCTGCACGGGCCCCGAGGCCC,0.436578171
GGCTGCCGCTGGCGATGGTCTGG,ATTGGGCTGCCGCTGGCGATGGTCTGGATC,0.10127827
GGTTCAGCAGGGCGCGGTGTCGG,AGGGGGTTCAGCAGGGCGCGGTGTCGGCCC,0.399213373
GGCCAGGAACTGCGTCTGGTTGG,CGTTGGCCAGGAACTGCGTCTGGTTGGGCA,0.135693216
GGTCCCGGGCCTCTTCCAGCAGG,TGACGGTCCCGGGCCTCTTCCAGCAGGCCA,0.177974435
GGACATGTCTGGGCAGCTGTTGG,CGCAGGACATGTCTGGGCAGCTGTTGGTGT,0.086529007
GGTGATCCCGCAGTTCCAGACGG,ACCAGGTGATCCCGCAGTTCCAGACGGTGG,0.009832842
GGCTCTGCTCCGCTCCTCTGAGG,TGGCGGCTCTGCTCCGCTCCTCTGAGGGCG,0.305801377
GGCTGGCACATCAGCCCTGCAGG,CAATGGCTGGCACATCAGCCCTGCAGGCAC,0.145526058
GGAAACCATCTCCATCTCAAGGG,GCCCGGAAACCATCTCCATCTCAAGGGCAC,0.017699115
GGTATCTTCCCTCTTTGCTGCGG,ACTCGGTATCTTCCCTCTTTGCTGCGGGAG,0.162241888
GGATGTATGAAGTCCTGACCTGG,TGAGGGATGTATGAAGTCCTGACCTGGCAG,0.489675517
GGCTGCTTTTGTCAATGATGTGG,AATGGGCTGCTTTTGTCAATGATGTGGCAC,0.126843659
GGTCAACATTGACTTCATGGTGG,ATCAGGTCAACATTGACTTCATGGTGGACG,0.124877089
GGTTGGCAACACGGATTTGAAGG,CGCAGGTTGGCAACACGGATTTGAAGGCAA,0.060963619
GGCTCTGATCATAATCCAGGTGG,GTGTGGCTCTGATCATAATCCAGGTGGTCA,0.06588004
GGTCTCCAATGAGTAGAGGTAGG,TTTGGGTCTCCAATGAGTAGAGGTAGGCAT,0.052114062
GGTCCAGAAGTCAAGGACATAGG,AGGTGGTCCAGAAGTCAAGGACATAGGTAA,0.260570305
GGTTAAATATTAAAGTGTCTTGG,TATTGGTTAAATATTAAAGTGTCTTGGTTA,0.107177975
GGATAACTGCAGGAGGGATAGGG,ACAGGGATAACTGCAGGAGGGATAGGGCAT,0.869223205
GGAAAACAGCTTACTTGTGATGG,AGAAGGAAAACAGCTTACTTGTGATGGGAC,0.257620453
GGTGGGCATTGTGGTTATATTGG,GCTGGGTGGGCATTGTGGTTATATTGGGAG,0.921337266
GGGAAGTGTCTGAGTCTGGTTGG,TGGGGGGAAGTGTCTGAGTCTGGTTGGTGG,0.687315634
GGTTGGTGGTTATGTTGGGAGGG,GTCTGGTTGGTGGTTATGTTGGGAGGGCGT,0.805309735
GGGGGTCGCCGAGGATTGACGGG,ATCTGGGGGTCGCCGAGGATTGACGGGAAC,0.715830876
GGACAAACGAGCCGCCACATTGG,ATGAGGACAAACGAGCCGCCACATTGGGAA,0.672566372
GGGCTCCCAGGATGGGGGGAAGG,AATTGGGCTCCCAGGATGGGGGGAAGGCCA,0.506391347
GGTCAGCTGGGTCACAAAACTGG,CACTGGTCAGCTGGGTCACAAAACTGGACC,0.223205507
GGTGACCTAGCAATTGGAGATGG,GCAAGGTGACCTAGCAATTGGAGATGGAGA,0.037364798
GGCGACATCTTTCCTCCTGAGGG,TCGAGGCGACATCTTTCCTCCTGAGGGCCT,0.184857424
GGCTACAACCTTCCCCATTGAGG,CCTTGGCTACAACCTTCCCCATTGAGGCAA,0.664700099
GGTGGGTTCGAGGTCGTCTTGGG,GTTAGGTGGGTTCGAGGTCGTCTTGGGGTG,0.769911504
GGGGATGCCGTAACCGTCAGAGG,ACTAGGGGATGCCGTAACCGTCAGAGGGGA,0.652900689
GGCCTAACTGTTCTCTTGAGAGG,CTGAGGCCTAACTGTTCTCTTGAGAGGGTG,0.719764012
GGAATTCCACTGACAAGCAGAGG,TGTAGGAATTCCACTGACAAGCAGAGGAAC,0.024582104
GGTCTACTTGGACCCTGATGAGG,ATTTGGTCTACTTGGACCCTGATGAGGAGC,0.458210424
GGAAGAATATTTCCAGTTTGAGG,CTTTGGAAGAATATTTCCAGTTTGAGGTTT,0.474926254
GGACTGGTGTTGGATTTAGGAGG,GGAGGGACTGGTGTTGGATTTAGGAGGGTT,0.809242872
GGCCAGGTGAACTTTATTAGTGG,GAGTGGCCAGGTGAACTTTATTAGTGGTTT,0.239921338
GGCCAGGGAGCGAAAGGGAGAGG,TGCGGGCCAGGGAGCGAAAGGGAGAGGTCC,0.631268437
GGTGAATCTTCCAAAGAAAGTGG,AGTGGGTGAATCTTCCAAAGAAAGTGGTTC,0.557522124
GGACTGGGCATCCAGGCAAAGGG,GCCAGGACTGGGCATCCAGGCAAAGGGTCC,0.900688299
GGAGGGCTTAAGGAGACGGGAGG,ACGAGGAGGGCTTAAGGAGACGGGAGGCCC,0.726647001
GGACTGGAGATCCAGACCGTTGG,GAAAGGACTGGAGATCCAGACCGTTGGGGA,0.371681416
GGCAGAGTGGGAGCTCTCGAGGG,TCCTGGCAGAGTGGGAGCTCTCGAGGGCGC,0.166175025
GGCACTCTGCACCCGGGCCAGGG,TAATGGCACTCTGCACCCGGGCCAGGGAAG,0.402163226
GGCTACTACCATCACTGGAGGGG,CCATGGCTACTACCATCACTGGAGGGGGGA,0.412979351
GGACAAGTTTCCGGTAGGCTTGG,TTCAGGACAAGTTTCCGGTAGGCTTGGGTG,0.927236971
GGCGGCTGAGACAGTGCAGCTGG,AGCAGGCGGCTGAGACAGTGCAGCTGGAGG,0.758112094
GGCGCAGGACTTCCTGGCTGGGG,TTCAGGCGCAGGACTTCCTGGCTGGGGTTA,0.736479843
GGCCCTTCCGTATGCCTGTGAGG,AATTGGCCCTTCCGTATGCCTGTGAGGATT,0.54473943
GGCTGAACCAACTCTTTACTTGG,ACTGGGCTGAACCAACTCTTTACTTGGCAA,0.125860375
GGGATGAAGCAGAAGCAGCCAGG,ACTTGGGATGAAGCAGAAGCAGCCAGGCTA,0.498525074
GGGGAGAGACCTTTCGTGTGTGG,CACCGGGGAGAGACCTTTCGTGTGTGGTCT,0.540806293
GGAAAGTGCTTCACTCAATCTGG,ATGTGGAAAGTGCTTCACTCAATCTGGAGC,0.112094395
GGGATTCCCTCACCTGGCTGGGG,GGAGGGGATTCCCTCACCTGGCTGGGGTGA,0.577187808
GGAAAGAGCTTCAGCCAATCTGG,CTGCGGAAAGAGCTTCAGCCAATCTGGCGC,0.131760079
GGGCACCAGTGTGCACGTTGAGG,GGCCGGGCACCAGTGTGCACGTTGAGGTGG,0.730580138
GGCTTTCTGTGTGCTGAATGCGG,GGGTGGCTTTCTGTGTGCTGAATGCGGCCG,0.018682399
GGAAGGTGCGCTGGCAGGACAGG,GTGGGGAAGGTGCGCTGGCAGGACAGGCAA,0.606686332
GGAAGTTCTGCTGCTGCGCTGGG,GAATGGAAGTTCTGCTGCTGCGCTGGGTAC,0.291052114
GGCGCCCTTGGTGCGGATGGTGG,GCGAGGCGCCCTTGGTGCGGATGGTGGCCC,0.922320551
GGGGACCACCGCTACCACCGTGG,ACTTGGGGACCACCGCTACCACCGTGGACG,0.858407079
GGCCTGCATGTTGCAGTGATAGG,TCATGGCCTGCATGTTGCAGTGATAGGTGG,0.616519174
GGGTGTTATACCTGTCCGCGAGG,ACGTGGGTGTTATACCTGTCCGCGAGGGAG,0.147492626
GGCTGAGGGAGCGGGTGGAAGGG,TCCAGGCTGAGGGAGCGGGTGGAAGGGATG,0.575221239
GGGGCTCTCGATCTTCGGGACGG,TGTCGGGGCTCTCGATCTTCGGGACGGTGC,0.872173058
GGCCCGCGAGCAGGAGCAGTCGG,CGCAGGCCCGCGAGCAGGAGCAGTCGGTGC,0.827925271
GGACGCCATGAAGGACAAGGAGG,AGAAGGACGCCATGAAGGACAAGGAGGACC,0.710914455
GGTCCAGTAGCTGCCTTTTCCGG,CGAGGGTCCAGTAGCTGCCTTTTCCGGGTT,0.392330384
GGAGCTGCAGGAGCACGCCAGGG,TTTAGGAGCTGCAGGAGCACGCCAGGGTTC,0.724680433
GGATGAACTGCTGGGTGGGATGG,CTGTGGATGAACTGCTGGGTGGGATGGGTT,0.499508358
GGAATGGAGTGAGAAAGAGAGGG,ATGAGGAATGGAGTGAGAAAGAGAGGGATG,0.341199607
GGGGGCTCTCCAGTTGTTGGAGG,GGCAGGGGGCTCTCCAGTTGTTGGAGGCCC,0.700098328
GGGGTATCAGGGCCCAAGTATGG,GGCTGGGGTATCAGGGCCCAAGTATGGACC,0.888888889
GGCAGCACTTAGTGGGGACATGG,GGGCGGCAGCACTTAGTGGGGACATGGCAT,0.868239921
GGTGGGGGTGTGCAAGTGCTGGG,AGGTGGTGGGGGTGTGCAAGTGCTGGGTTT,0.418879056
GGCTCCGCCCCCTAGCAGCAAGG,CTCCGGCTCCGCCCCCTAGCAGCAAGGAGT,0.41986234
GGTGGGACTGAAAGAGGTGGAGG,TGTGGGTGGGACTGAAAGAGGTGGAGGAAC,0.996066863
GGTTGGTGAGTTCATCCAATGGG,AAGAGGTTGGTGAGTTCATCCAATGGGCTG,0.727630286
GGTGGAGACGCCTTTCCGTGAGG,CTGCGGTGGAGACGCCTTTCCGTGAGGTGT,0.939036381
GGTGAGCGCATGAGGCTGAGGGG,AGGTGGTGAGCGCATGAGGCTGAGGGGCGT,0.95968535
GGCAGGCCGAGTGGCTGCGCTGG,GAGGGGCAGGCCGAGTGGCTGCGCTGGTAA,0.705014749
GGCACAGGGCAATGGTGGTGCGG,AGAGGGCACAGGGCAATGGTGGTGCGGACG,0.910521141
GGAAGCTTTGCTACGTCAAGTGG,CATAGGAAGCTTTGCTACGTCAAGTGGGGT,0.321533924
GGAGGGAAAACCAGTAAAGGGGG,GGCTGGAGGGAAAACCAGTAAAGGGGGCCT,0.697148476
GGGGTGGTACAACGGCTCAGAGG,TCTAGGGGTGGTACAACGGCTCAGAGGGGT,0.884955753
GGCTCATCCTCCTCAGTACGAGG,GCCTGGCTCATCCTCCTCAGTACGAGGGGT,0.709931171
GGAGTCCTGCACTGTTCCCATGG,GTCTGGAGTCCTGCACTGTTCCCATGGTGA,0.547689283
GGGGTAGGGGCAGGTGGAGGAGG,TAAAGGGGTAGGGGCAGGTGGAGGAGGTGG,0.936086529
GGAACCCCACCTATGGCTCGTGG,TTGTGGAACCCCACCTATGGCTCGTGGTTT,0.235004917
GGATGGAGGGCATGTGAATTTGG,CCCAGGATGGAGGGCATGTGAATTTGGGCT,0.653883973
GGGTTTGAAGATGGTGATGAGGG,ACCGGGGTTTGAAGATGGTGATGAGGGTGA,0.626352016
GGAACATCCTCTGTGCCCTGGGG,AGATGGAACATCCTCTGTGCCCTGGGGGGA,0.963618486
GGGATTGGGCCATATTCAACAGG,CTCAGGGATTGGGCCATATTCAACAGGCAA,0.641101279
GGTGATAAAAACAAATCTAATGG,GACTGGTGATAAAAACAAATCTAATGGCTC,0.002949853
